Unnamed: 0,Patch,Original,Category,Tool,DIFF,COMP,Detected,Fixed,Consistent,functional_check,mitigates,patch_link,original_link,diff_link,exploit_link
394,incorrect_constructor_name1.sol,incorrect_constructor_name1.sol,access_control,SmartFix,True,True,1.0,1.0,True,passed,yes,https://github.com/ASSERT-KTH/RepairComp/blob/main/results/smartbugs/SmartFix/access_control/incorrect_constructor_name1/incorrect_constructor_name1.sol,https://github.com/smartbugs/smartbugs-curated/tree/main/dataset/access_control/incorrect_constructor_name1.sol,https://github.com/ASSERT-KTH/RepairComp/blob/main/results/smartbugs/SmartFix/access_control/incorrect_constructor_name1/incorrect_constructor_name1.diff,https://github.com/ASSERT-KTH/sb-heists/tree/main/smartbugs-curated/0.4.x/test/access_control/incorrect_constructor_name1_test.js
389,incorrect_constructor_name2.sol,incorrect_constructor_name2.sol,access_control,SmartFix,True,True,1.0,1.0,True,passed,yes,https://github.com/ASSERT-KTH/RepairComp/blob/main/results/smartbugs/SmartFix/access_control/incorrect_constructor_name2/incorrect_constructor_name2.sol,https://github.com/smartbugs/smartbugs-curated/tree/main/dataset/access_control/incorrect_constructor_name2.sol,https://github.com/ASSERT-KTH/RepairComp/blob/main/results/smartbugs/SmartFix/access_control/incorrect_constructor_name2/incorrect_constructor_name2.diff,https://github.com/ASSERT-KTH/sb-heists/tree/main/smartbugs-curated/0.4.x/test/access_control/incorrect_constructor_name2_test.js
385,incorrect_constructor_name3.sol,incorrect_constructor_name3.sol,access_control,SmartFix,True,True,1.0,1.0,True,passed,yes,https://github.com/ASSERT-KTH/RepairComp/blob/main/results/smartbugs/SmartFix/access_control/incorrect_constructor_name3/incorrect_constructor_name3.sol,https://github.com/smartbugs/smartbugs-curated/tree/main/dataset/access_control/incorrect_constructor_name3.sol,https://github.com/ASSERT-KTH/RepairComp/blob/main/results/smartbugs/SmartFix/access_control/incorrect_constructor_name3/incorrect_constructor_name3.diff,https://github.com/ASSERT-KTH/sb-heists/tree/main/smartbugs-curated/0.4.x/test/access_control/incorrect_constructor_name3_test.js
1071,mapping_write_1round.sol,mapping_write.sol,access_control,SolGPT,True,True,1.0,1.0,True,passed,yes,https://github.com/ASSERT-KTH/RepairComp/blob/main/results/smartbugs/SolGPT/access_control/mapping_write/mapping_write_1round.sol,https://github.com/smartbugs/smartbugs-curated/tree/main/dataset/access_control/mapping_write.sol,https://github.com/ASSERT-KTH/RepairComp/blob/main/results/smartbugs/SolGPT/access_control/mapping_write/mapping_write_1round.diff,https://github.com/ASSERT-KTH/sb-heists/tree/main/smartbugs-curated/0.4.x/test/access_control/mapping_write_test.js
1072,mapping_write_3round.sol,mapping_write.sol,access_control,SolGPT,True,True,1.0,1.0,True,passed,yes,https://github.com/ASSERT-KTH/RepairComp/blob/main/results/smartbugs/SolGPT/access_control/mapping_write/mapping_write_3round.sol,https://github.com/smartbugs/smartbugs-curated/tree/main/dataset/access_control/mapping_write.sol,https://github.com/ASSERT-KTH/RepairComp/blob/main/results/smartbugs/SolGPT/access_control/mapping_write/mapping_write_3round.diff,https://github.com/ASSERT-KTH/sb-heists/tree/main/smartbugs-curated/0.4.x/test/access_control/mapping_write_test.js
1073,mapping_write_2round.sol,mapping_write.sol,access_control,SolGPT,True,True,1.0,1.0,True,passed,yes,https://github.com/ASSERT-KTH/RepairComp/blob/main/results/smartbugs/SolGPT/access_control/mapping_write/mapping_write_2round.sol,https://github.com/smartbugs/smartbugs-curated/tree/main/dataset/access_control/mapping_write.sol,https://github.com/ASSERT-KTH/RepairComp/blob/main/results/smartbugs/SolGPT/access_control/mapping_write/mapping_write_2round.diff,https://github.com/ASSERT-KTH/sb-heists/tree/main/smartbugs-curated/0.4.x/test/access_control/mapping_write_test.js
1074,mapping_write_4round.sol,mapping_write.sol,access_control,SolGPT,True,True,1.0,1.0,True,passed,yes,https://github.com/ASSERT-KTH/RepairComp/blob/main/results/smartbugs/SolGPT/access_control/mapping_write/mapping_write_4round.sol,https://github.com/smartbugs/smartbugs-curated/tree/main/dataset/access_control/mapping_write.sol,https://github.com/ASSERT-KTH/RepairComp/blob/main/results/smartbugs/SolGPT/access_control/mapping_write/mapping_write_4round.diff,https://github.com/ASSERT-KTH/sb-heists/tree/main/smartbugs-curated/0.4.x/test/access_control/mapping_write_test.js
1076,mycontract_2round.sol,mycontract.sol,access_control,SolGPT,True,True,1.0,1.0,True,passed,yes,https://github.com/ASSERT-KTH/RepairComp/blob/main/results/smartbugs/SolGPT/access_control/mycontract/mycontract_2round.sol,https://github.com/smartbugs/smartbugs-curated/tree/main/dataset/access_control/mycontract.sol,https://github.com/ASSERT-KTH/RepairComp/blob/main/results/smartbugs/SolGPT/access_control/mycontract/mycontract_2round.diff,https://github.com/ASSERT-KTH/sb-heists/tree/main/smartbugs-curated/0.4.x/test/access_control/mycontract_test.js
1077,mycontract_1round.sol,mycontract.sol,access_control,SolGPT,True,True,1.0,1.0,True,passed,yes,https://github.com/ASSERT-KTH/RepairComp/blob/main/results/smartbugs/SolGPT/access_control/mycontract/mycontract_1round.sol,https://github.com/smartbugs/smartbugs-curated/tree/main/dataset/access_control/mycontract.sol,https://github.com/ASSERT-KTH/RepairComp/blob/main/results/smartbugs/SolGPT/access_control/mycontract/mycontract_1round.diff,https://github.com/ASSERT-KTH/sb-heists/tree/main/smartbugs-curated/0.4.x/test/access_control/mycontract_test.js
1078,mycontract_4round.sol,mycontract.sol,access_control,SolGPT,True,True,1.0,1.0,True,passed,yes,https://github.com/ASSERT-KTH/RepairComp/blob/main/results/smartbugs/SolGPT/access_control/mycontract/mycontract_4round.sol,https://github.com/smartbugs/smartbugs-curated/tree/main/dataset/access_control/mycontract.sol,https://github.com/ASSERT-KTH/RepairComp/blob/main/results/smartbugs/SolGPT/access_control/mycontract/mycontract_4round.diff,https://github.com/ASSERT-KTH/sb-heists/tree/main/smartbugs-curated/0.4.x/test/access_control/mycontract_test.js
1079,mycontract_3round.sol,mycontract.sol,access_control,SolGPT,True,True,1.0,1.0,True,passed,yes,https://github.com/ASSERT-KTH/RepairComp/blob/main/results/smartbugs/SolGPT/access_control/mycontract/mycontract_3round.sol,https://github.com/smartbugs/smartbugs-curated/tree/main/dataset/access_control/mycontract.sol,https://github.com/ASSERT-KTH/RepairComp/blob/main/results/smartbugs/SolGPT/access_control/mycontract/mycontract_3round.diff,https://github.com/ASSERT-KTH/sb-heists/tree/main/smartbugs-curated/0.4.x/test/access_control/mycontract_test.js
396,mycontract.sol,mycontract.sol,access_control,SmartFix,True,True,2.0,2.0,True,passed,yes,https://github.com/ASSERT-KTH/RepairComp/blob/main/results/smartbugs/SmartFix/access_control/mycontract/mycontract.sol,https://github.com/smartbugs/smartbugs-curated/tree/main/dataset/access_control/mycontract.sol,https://github.com/ASSERT-KTH/RepairComp/blob/main/results/smartbugs/SmartFix/access_control/mycontract/mycontract.diff,https://github.com/ASSERT-KTH/sb-heists/tree/main/smartbugs-curated/0.4.x/test/access_control/mycontract_test.js
1324,mycontract.sol,mycontract.sol,access_control,TIPS,True,True,1.0,1.0,True,passed,yes,https://github.com/ASSERT-KTH/RepairComp/blob/main/results/smartbugs/TIPS/access_control/mycontract/mycontract.sol,https://github.com/smartbugs/smartbugs-curated/tree/main/dataset/access_control/mycontract.sol,https://github.com/ASSERT-KTH/RepairComp/blob/main/results/smartbugs/TIPS/access_control/mycontract/mycontract.diff,https://github.com/ASSERT-KTH/sb-heists/tree/main/smartbugs-curated/0.4.x/test/access_control/mycontract_test.js
170,mycontract.sol,mycontract.sol,access_control,sGuard,True,True,1.0,1.0,True,passed,yes,https://github.com/ASSERT-KTH/RepairComp/blob/main/results/smartbugs/sGuard/access_control/mycontract/mycontract.sol,https://github.com/smartbugs/smartbugs-curated/tree/main/dataset/access_control/mycontract.sol,https://github.com/ASSERT-KTH/RepairComp/blob/main/results/smartbugs/sGuard/access_control/mycontract/mycontract.diff,https://github.com/ASSERT-KTH/sb-heists/tree/main/smartbugs-curated/0.4.x/test/access_control/mycontract_test.js
310,mycontract.sol,mycontract.sol,access_control,sGuardPlus,True,True,1.0,1.0,True,passed,yes,https://github.com/ASSERT-KTH/RepairComp/blob/main/results/smartbugs/sGuardPlus/access_control/mycontract/mycontract.sol,https://github.com/smartbugs/smartbugs-curated/tree/main/dataset/access_control/mycontract.sol,https://github.com/ASSERT-KTH/RepairComp/blob/main/results/smartbugs/sGuardPlus/access_control/mycontract/mycontract.diff,https://github.com/ASSERT-KTH/sb-heists/tree/main/smartbugs-curated/0.4.x/test/access_control/mycontract_test.js
1031,phishable_2round.sol,phishable.sol,access_control,SolGPT,True,True,1.0,1.0,True,passed,yes,https://github.com/ASSERT-KTH/RepairComp/blob/main/results/smartbugs/SolGPT/access_control/phishable/phishable_2round.sol,https://github.com/smartbugs/smartbugs-curated/tree/main/dataset/access_control/phishable.sol,https://github.com/ASSERT-KTH/RepairComp/blob/main/results/smartbugs/SolGPT/access_control/phishable/phishable_2round.diff,https://github.com/ASSERT-KTH/sb-heists/tree/main/smartbugs-curated/0.4.x/test/access_control/phishable_test.js
1032,phishable_1round.sol,phishable.sol,access_control,SolGPT,True,True,1.0,1.0,True,passed,yes,https://github.com/ASSERT-KTH/RepairComp/blob/main/results/smartbugs/SolGPT/access_control/phishable/phishable_1round.sol,https://github.com/smartbugs/smartbugs-curated/tree/main/dataset/access_control/phishable.sol,https://github.com/ASSERT-KTH/RepairComp/blob/main/results/smartbugs/SolGPT/access_control/phishable/phishable_1round.diff,https://github.com/ASSERT-KTH/sb-heists/tree/main/smartbugs-curated/0.4.x/test/access_control/phishable_test.js
1033,phishable_3round.sol,phishable.sol,access_control,SolGPT,True,True,1.0,1.0,True,passed,yes,https://github.com/ASSERT-KTH/RepairComp/blob/main/results/smartbugs/SolGPT/access_control/phishable/phishable_3round.sol,https://github.com/smartbugs/smartbugs-curated/tree/main/dataset/access_control/phishable.sol,https://github.com/ASSERT-KTH/RepairComp/blob/main/results/smartbugs/SolGPT/access_control/phishable/phishable_3round.diff,https://github.com/ASSERT-KTH/sb-heists/tree/main/smartbugs-curated/0.4.x/test/access_control/phishable_test.js
1034,phishable_4round.sol,phishable.sol,access_control,SolGPT,True,True,1.0,1.0,True,passed,yes,https://github.com/ASSERT-KTH/RepairComp/blob/main/results/smartbugs/SolGPT/access_control/phishable/phishable_4round.sol,https://github.com/smartbugs/smartbugs-curated/tree/main/dataset/access_control/phishable.sol,https://github.com/ASSERT-KTH/RepairComp/blob/main/results/smartbugs/SolGPT/access_control/phishable/phishable_4round.diff,https://github.com/ASSERT-KTH/sb-heists/tree/main/smartbugs-curated/0.4.x/test/access_control/phishable_test.js
387,phishable.sol,phishable.sol,access_control,SmartFix,True,True,2.0,2.0,True,passed,yes,https://github.com/ASSERT-KTH/RepairComp/blob/main/results/smartbugs/SmartFix/access_control/phishable/phishable.sol,https://github.com/smartbugs/smartbugs-curated/tree/main/dataset/access_control/phishable.sol,https://github.com/ASSERT-KTH/RepairComp/blob/main/results/smartbugs/SmartFix/access_control/phishable/phishable.diff,https://github.com/ASSERT-KTH/sb-heists/tree/main/smartbugs-curated/0.4.x/test/access_control/phishable_test.js
1311,phishable.sol,phishable.sol,access_control,TIPS,True,True,1.0,1.0,True,passed,yes,https://github.com/ASSERT-KTH/RepairComp/blob/main/results/smartbugs/TIPS/access_control/phishable/phishable.sol,https://github.com/smartbugs/smartbugs-curated/tree/main/dataset/access_control/phishable.sol,https://github.com/ASSERT-KTH/RepairComp/blob/main/results/smartbugs/TIPS/access_control/phishable/phishable.diff,https://github.com/ASSERT-KTH/sb-heists/tree/main/smartbugs-curated/0.4.x/test/access_control/phishable_test.js
173,phishable.sol,phishable.sol,access_control,sGuard,True,True,1.0,1.0,True,passed,yes,https://github.com/ASSERT-KTH/RepairComp/blob/main/results/smartbugs/sGuard/access_control/phishable/phishable.sol,https://github.com/smartbugs/smartbugs-curated/tree/main/dataset/access_control/phishable.sol,https://github.com/ASSERT-KTH/RepairComp/blob/main/results/smartbugs/sGuard/access_control/phishable/phishable.diff,https://github.com/ASSERT-KTH/sb-heists/tree/main/smartbugs-curated/0.4.x/test/access_control/phishable_test.js
303,phishable.sol,phishable.sol,access_control,sGuardPlus,True,True,1.0,1.0,True,passed,yes,https://github.com/ASSERT-KTH/RepairComp/blob/main/results/smartbugs/sGuardPlus/access_control/phishable/phishable.sol,https://github.com/smartbugs/smartbugs-curated/tree/main/dataset/access_control/phishable.sol,https://github.com/ASSERT-KTH/RepairComp/blob/main/results/smartbugs/sGuardPlus/access_control/phishable/phishable.diff,https://github.com/ASSERT-KTH/sb-heists/tree/main/smartbugs-curated/0.4.x/test/access_control/phishable_test.js
1039,proxy_3round.sol,proxy.sol,access_control,SolGPT,True,True,1.0,1.0,True,passed,yes,https://github.com/ASSERT-KTH/RepairComp/blob/main/results/smartbugs/SolGPT/access_control/proxy/proxy_3round.sol,https://github.com/smartbugs/smartbugs-curated/tree/main/dataset/access_control/proxy.sol,https://github.com/ASSERT-KTH/RepairComp/blob/main/results/smartbugs/SolGPT/access_control/proxy/proxy_3round.diff,https://github.com/ASSERT-KTH/sb-heists/tree/main/smartbugs-curated/0.4.x/test/access_control/proxy_test.js
1040,proxy_1round.sol,proxy.sol,access_control,SolGPT,True,True,1.0,1.0,True,passed,yes,https://github.com/ASSERT-KTH/RepairComp/blob/main/results/smartbugs/SolGPT/access_control/proxy/proxy_1round.sol,https://github.com/smartbugs/smartbugs-curated/tree/main/dataset/access_control/proxy.sol,https://github.com/ASSERT-KTH/RepairComp/blob/main/results/smartbugs/SolGPT/access_control/proxy/proxy_1round.diff,https://github.com/ASSERT-KTH/sb-heists/tree/main/smartbugs-curated/0.4.x/test/access_control/proxy_test.js
1041,proxy_2round.sol,proxy.sol,access_control,SolGPT,True,True,1.0,1.0,True,passed,yes,https://github.com/ASSERT-KTH/RepairComp/blob/main/results/smartbugs/SolGPT/access_control/proxy/proxy_2round.sol,https://github.com/smartbugs/smartbugs-curated/tree/main/dataset/access_control/proxy.sol,https://github.com/ASSERT-KTH/RepairComp/blob/main/results/smartbugs/SolGPT/access_control/proxy/proxy_2round.diff,https://github.com/ASSERT-KTH/sb-heists/tree/main/smartbugs-curated/0.4.x/test/access_control/proxy_test.js
1042,proxy_4round.sol,proxy.sol,access_control,SolGPT,True,True,1.0,1.0,True,passed,yes,https://github.com/ASSERT-KTH/RepairComp/blob/main/results/smartbugs/SolGPT/access_control/proxy/proxy_4round.sol,https://github.com/smartbugs/smartbugs-curated/tree/main/dataset/access_control/proxy.sol,https://github.com/ASSERT-KTH/RepairComp/blob/main/results/smartbugs/SolGPT/access_control/proxy/proxy_4round.diff,https://github.com/ASSERT-KTH/sb-heists/tree/main/smartbugs-curated/0.4.x/test/access_control/proxy_test.js
393,simple_suicide.sol,simple_suicide.sol,access_control,SmartFix,True,True,2.0,2.0,True,passed,yes,https://github.com/ASSERT-KTH/RepairComp/blob/main/results/smartbugs/SmartFix/access_control/simple_suicide/simple_suicide.sol,https://github.com/smartbugs/smartbugs-curated/tree/main/dataset/access_control/simple_suicide.sol,https://github.com/ASSERT-KTH/RepairComp/blob/main/results/smartbugs/SmartFix/access_control/simple_suicide/simple_suicide.diff,https://github.com/ASSERT-KTH/sb-heists/tree/main/smartbugs-curated/0.4.x/test/access_control/simple_suicide_test.js
307,simple_suicide.sol,simple_suicide.sol,access_control,sGuardPlus,True,True,1.0,1.0,True,passed,yes,https://github.com/ASSERT-KTH/RepairComp/blob/main/results/smartbugs/sGuardPlus/access_control/simple_suicide/simple_suicide.sol,https://github.com/smartbugs/smartbugs-curated/tree/main/dataset/access_control/simple_suicide.sol,https://github.com/ASSERT-KTH/RepairComp/blob/main/results/smartbugs/sGuardPlus/access_control/simple_suicide/simple_suicide.diff,https://github.com/ASSERT-KTH/sb-heists/tree/main/smartbugs-curated/0.4.x/test/access_control/simple_suicide_test.js
392,wallet_02_refund_nosub.sol,wallet_02_refund_nosub.sol,access_control,SmartFix,True,True,2.0,2.0,True,passed,yes,https://github.com/ASSERT-KTH/RepairComp/blob/main/results/smartbugs/SmartFix/access_control/wallet_02_refund_nosub/wallet_02_refund_nosub.sol,https://github.com/smartbugs/smartbugs-curated/tree/main/dataset/access_control/wallet_02_refund_nosub.sol,https://github.com/ASSERT-KTH/RepairComp/blob/main/results/smartbugs/SmartFix/access_control/wallet_02_refund_nosub/wallet_02_refund_nosub.diff,https://github.com/ASSERT-KTH/sb-heists/tree/main/smartbugs-curated/0.4.x/test/access_control/wallet_02_refund_nosub_test.js
395,wallet_03_wrong_constructor.sol,wallet_03_wrong_constructor.sol,access_control,SmartFix,True,True,1.0,1.0,True,passed,yes,https://github.com/ASSERT-KTH/RepairComp/blob/main/results/smartbugs/SmartFix/access_control/wallet_03_wrong_constructor/wallet_03_wrong_constructor.sol,https://github.com/smartbugs/smartbugs-curated/tree/main/dataset/access_control/wallet_03_wrong_constructor.sol,https://github.com/ASSERT-KTH/RepairComp/blob/main/results/smartbugs/SmartFix/access_control/wallet_03_wrong_constructor/wallet_03_wrong_constructor.diff,https://github.com/ASSERT-KTH/sb-heists/tree/main/smartbugs-curated/0.4.x/test/access_control/wallet_03_wrong_constructor_test.js
390,wallet_04_confused_sign.sol,wallet_04_confused_sign.sol,access_control,SmartFix,True,True,1.0,1.0,True,passed,yes,https://github.com/ASSERT-KTH/RepairComp/blob/main/results/smartbugs/SmartFix/access_control/wallet_04_confused_sign/wallet_04_confused_sign.sol,https://github.com/smartbugs/smartbugs-curated/tree/main/dataset/access_control/wallet_04_confused_sign.sol,https://github.com/ASSERT-KTH/RepairComp/blob/main/results/smartbugs/SmartFix/access_control/wallet_04_confused_sign/wallet_04_confused_sign.diff,https://github.com/ASSERT-KTH/sb-heists/tree/main/smartbugs-curated/0.4.x/test/access_control/wallet_04_confused_sign_test.js
342,BECToken.sol,BECToken.sol,arithmetic,SmartFix,True,True,1.0,1.0,True,passed,yes,https://github.com/ASSERT-KTH/RepairComp/blob/main/results/smartbugs/SmartFix/arithmetic/BECToken/BECToken.sol,https://github.com/smartbugs/smartbugs-curated/tree/main/dataset/arithmetic/BECToken.sol,https://github.com/ASSERT-KTH/RepairComp/blob/main/results/smartbugs/SmartFix/arithmetic/BECToken/BECToken.diff,https://github.com/ASSERT-KTH/sb-heists/tree/main/smartbugs-curated/0.4.x/test/arithmetic/BECToken_test.js
341,integer_overflow_1.sol,integer_overflow_1.sol,arithmetic,SmartFix,True,True,1.0,1.0,True,passed,yes,https://github.com/ASSERT-KTH/RepairComp/blob/main/results/smartbugs/SmartFix/arithmetic/integer_overflow_1/integer_overflow_1.sol,https://github.com/smartbugs/smartbugs-curated/tree/main/dataset/arithmetic/integer_overflow_1.sol,https://github.com/ASSERT-KTH/RepairComp/blob/main/results/smartbugs/SmartFix/arithmetic/integer_overflow_1/integer_overflow_1.diff,https://github.com/ASSERT-KTH/sb-heists/tree/main/smartbugs-curated/0.4.x/test/arithmetic/integer_overflow_1_test.js
334,integer_overflow_add.sol,integer_overflow_add.sol,arithmetic,SmartFix,True,True,1.0,1.0,True,passed,yes,https://github.com/ASSERT-KTH/RepairComp/blob/main/results/smartbugs/SmartFix/arithmetic/integer_overflow_add/integer_overflow_add.sol,https://github.com/smartbugs/smartbugs-curated/tree/main/dataset/arithmetic/integer_overflow_add.sol,https://github.com/ASSERT-KTH/RepairComp/blob/main/results/smartbugs/SmartFix/arithmetic/integer_overflow_add/integer_overflow_add.diff,https://github.com/ASSERT-KTH/sb-heists/tree/main/smartbugs-curated/0.4.x/test/arithmetic/integer_overflow_add_test.js
260,integer_overflow_add.sol,integer_overflow_add.sol,arithmetic,sGuardPlus,True,True,1.0,1.0,True,passed,yes,https://github.com/ASSERT-KTH/RepairComp/blob/main/results/smartbugs/sGuardPlus/arithmetic/integer_overflow_add/integer_overflow_add.sol,https://github.com/smartbugs/smartbugs-curated/tree/main/dataset/arithmetic/integer_overflow_add.sol,https://github.com/ASSERT-KTH/RepairComp/blob/main/results/smartbugs/sGuardPlus/arithmetic/integer_overflow_add/integer_overflow_add.diff,https://github.com/ASSERT-KTH/sb-heists/tree/main/smartbugs-curated/0.4.x/test/arithmetic/integer_overflow_add_test.js
343,integer_overflow_mapping_sym_1.sol,integer_overflow_mapping_sym_1.sol,arithmetic,SmartFix,True,True,1.0,1.0,True,passed,yes,https://github.com/ASSERT-KTH/RepairComp/blob/main/results/smartbugs/SmartFix/arithmetic/integer_overflow_mapping_sym_1/integer_overflow_mapping_sym_1.sol,https://github.com/smartbugs/smartbugs-curated/tree/main/dataset/arithmetic/integer_overflow_mapping_sym_1.sol,https://github.com/ASSERT-KTH/RepairComp/blob/main/results/smartbugs/SmartFix/arithmetic/integer_overflow_mapping_sym_1/integer_overflow_mapping_sym_1.diff,https://github.com/ASSERT-KTH/sb-heists/tree/main/smartbugs-curated/0.4.x/test/arithmetic/integer_overflow_mapping_sym_1_test.js
268,integer_overflow_mapping_sym_1.sol,integer_overflow_mapping_sym_1.sol,arithmetic,sGuardPlus,True,True,1.0,1.0,True,passed,yes,https://github.com/ASSERT-KTH/RepairComp/blob/main/results/smartbugs/sGuardPlus/arithmetic/integer_overflow_mapping_sym_1/integer_overflow_mapping_sym_1.sol,https://github.com/smartbugs/smartbugs-curated/tree/main/dataset/arithmetic/integer_overflow_mapping_sym_1.sol,https://github.com/ASSERT-KTH/RepairComp/blob/main/results/smartbugs/sGuardPlus/arithmetic/integer_overflow_mapping_sym_1/integer_overflow_mapping_sym_1.diff,https://github.com/ASSERT-KTH/sb-heists/tree/main/smartbugs-curated/0.4.x/test/arithmetic/integer_overflow_mapping_sym_1_test.js
344,integer_overflow_minimal.sol,integer_overflow_minimal.sol,arithmetic,SmartFix,True,True,1.0,1.0,True,passed,yes,https://github.com/ASSERT-KTH/RepairComp/blob/main/results/smartbugs/SmartFix/arithmetic/integer_overflow_minimal/integer_overflow_minimal.sol,https://github.com/smartbugs/smartbugs-curated/tree/main/dataset/arithmetic/integer_overflow_minimal.sol,https://github.com/ASSERT-KTH/RepairComp/blob/main/results/smartbugs/SmartFix/arithmetic/integer_overflow_minimal/integer_overflow_minimal.diff,https://github.com/ASSERT-KTH/sb-heists/tree/main/smartbugs-curated/0.4.x/test/arithmetic/integer_overflow_minimal_test.js
269,integer_overflow_minimal.sol,integer_overflow_minimal.sol,arithmetic,sGuardPlus,True,True,1.0,1.0,True,passed,yes,https://github.com/ASSERT-KTH/RepairComp/blob/main/results/smartbugs/sGuardPlus/arithmetic/integer_overflow_minimal/integer_overflow_minimal.sol,https://github.com/smartbugs/smartbugs-curated/tree/main/dataset/arithmetic/integer_overflow_minimal.sol,https://github.com/ASSERT-KTH/RepairComp/blob/main/results/smartbugs/sGuardPlus/arithmetic/integer_overflow_minimal/integer_overflow_minimal.diff,https://github.com/ASSERT-KTH/sb-heists/tree/main/smartbugs-curated/0.4.x/test/arithmetic/integer_overflow_minimal_test.js
262,integer_overflow_mul.sol,integer_overflow_mul.sol,arithmetic,sGuardPlus,True,True,1.0,1.0,True,passed,yes,https://github.com/ASSERT-KTH/RepairComp/blob/main/results/smartbugs/sGuardPlus/arithmetic/integer_overflow_mul/integer_overflow_mul.sol,https://github.com/smartbugs/smartbugs-curated/tree/main/dataset/arithmetic/integer_overflow_mul.sol,https://github.com/ASSERT-KTH/RepairComp/blob/main/results/smartbugs/sGuardPlus/arithmetic/integer_overflow_mul/integer_overflow_mul.diff,https://github.com/ASSERT-KTH/sb-heists/tree/main/smartbugs-curated/0.4.x/test/arithmetic/integer_overflow_mul_test.js
345,integer_overflow_multitx_multifunc_feasible.sol,integer_overflow_multitx_multifunc_feasible.sol,arithmetic,SmartFix,True,True,1.0,1.0,True,passed,yes,https://github.com/ASSERT-KTH/RepairComp/blob/main/results/smartbugs/SmartFix/arithmetic/integer_overflow_multitx_multifunc_feasible/integer_overflow_multitx_multifunc_feasible.sol,https://github.com/smartbugs/smartbugs-curated/tree/main/dataset/arithmetic/integer_overflow_multitx_multifunc_feasible.sol,https://github.com/ASSERT-KTH/RepairComp/blob/main/results/smartbugs/SmartFix/arithmetic/integer_overflow_multitx_multifunc_feasible/integer_overflow_multitx_multifunc_feasible.diff,https://github.com/ASSERT-KTH/sb-heists/tree/main/smartbugs-curated/0.4.x/test/arithmetic/integer_overflow_multitx_multifunc_feasible_test.js
337,integer_overflow_multitx_onefunc_feasible.sol,integer_overflow_multitx_onefunc_feasible.sol,arithmetic,SmartFix,True,True,1.0,1.0,True,passed,yes,https://github.com/ASSERT-KTH/RepairComp/blob/main/results/smartbugs/SmartFix/arithmetic/integer_overflow_multitx_onefunc_feasible/integer_overflow_multitx_onefunc_feasible.sol,https://github.com/smartbugs/smartbugs-curated/tree/main/dataset/arithmetic/integer_overflow_multitx_onefunc_feasible.sol,https://github.com/ASSERT-KTH/RepairComp/blob/main/results/smartbugs/SmartFix/arithmetic/integer_overflow_multitx_onefunc_feasible/integer_overflow_multitx_onefunc_feasible.diff,https://github.com/ASSERT-KTH/sb-heists/tree/main/smartbugs-curated/0.4.x/test/arithmetic/integer_overflow_multitx_onefunc_feasible_test.js
264,integer_overflow_multitx_onefunc_feasible.sol,integer_overflow_multitx_onefunc_feasible.sol,arithmetic,sGuardPlus,True,True,1.0,1.0,True,passed,yes,https://github.com/ASSERT-KTH/RepairComp/blob/main/results/smartbugs/sGuardPlus/arithmetic/integer_overflow_multitx_onefunc_feasible/integer_overflow_multitx_onefunc_feasible.sol,https://github.com/smartbugs/smartbugs-curated/tree/main/dataset/arithmetic/integer_overflow_multitx_onefunc_feasible.sol,https://github.com/ASSERT-KTH/RepairComp/blob/main/results/smartbugs/sGuardPlus/arithmetic/integer_overflow_multitx_onefunc_feasible/integer_overflow_multitx_onefunc_feasible.diff,https://github.com/ASSERT-KTH/sb-heists/tree/main/smartbugs-curated/0.4.x/test/arithmetic/integer_overflow_multitx_onefunc_feasible_test.js
339,overflow_simple_add.sol,overflow_simple_add.sol,arithmetic,SmartFix,True,True,1.0,1.0,True,passed,yes,https://github.com/ASSERT-KTH/RepairComp/blob/main/results/smartbugs/SmartFix/arithmetic/overflow_simple_add/overflow_simple_add.sol,https://github.com/smartbugs/smartbugs-curated/tree/main/dataset/arithmetic/overflow_simple_add.sol,https://github.com/ASSERT-KTH/RepairComp/blob/main/results/smartbugs/SmartFix/arithmetic/overflow_simple_add/overflow_simple_add.diff,https://github.com/ASSERT-KTH/sb-heists/tree/main/smartbugs-curated/0.4.x/test/arithmetic/overflow_simple_add_test.js
267,overflow_simple_add.sol,overflow_simple_add.sol,arithmetic,sGuardPlus,True,True,1.0,1.0,True,passed,yes,https://github.com/ASSERT-KTH/RepairComp/blob/main/results/smartbugs/sGuardPlus/arithmetic/overflow_simple_add/overflow_simple_add.sol,https://github.com/smartbugs/smartbugs-curated/tree/main/dataset/arithmetic/overflow_simple_add.sol,https://github.com/ASSERT-KTH/RepairComp/blob/main/results/smartbugs/sGuardPlus/arithmetic/overflow_simple_add/overflow_simple_add.diff,https://github.com/ASSERT-KTH/sb-heists/tree/main/smartbugs-curated/0.4.x/test/arithmetic/overflow_simple_add_test.js
266,overflow_single_tx.sol,overflow_single_tx.sol,arithmetic,sGuardPlus,True,True,4.0,4.0,True,passed,yes,https://github.com/ASSERT-KTH/RepairComp/blob/main/results/smartbugs/sGuardPlus/arithmetic/overflow_single_tx/overflow_single_tx.sol,https://github.com/smartbugs/smartbugs-curated/tree/main/dataset/arithmetic/overflow_single_tx.sol,https://github.com/ASSERT-KTH/RepairComp/blob/main/results/smartbugs/sGuardPlus/arithmetic/overflow_single_tx/overflow_single_tx.diff,https://github.com/ASSERT-KTH/sb-heists/tree/main/smartbugs-curated/0.4.x/test/arithmetic/overflow_single_tx_test.js
333,timelock.sol,timelock.sol,arithmetic,SmartFix,True,True,3.0,3.0,True,passed,yes,https://github.com/ASSERT-KTH/RepairComp/blob/main/results/smartbugs/SmartFix/arithmetic/timelock/timelock.sol,https://github.com/smartbugs/smartbugs-curated/tree/main/dataset/arithmetic/timelock.sol,https://github.com/ASSERT-KTH/RepairComp/blob/main/results/smartbugs/SmartFix/arithmetic/timelock/timelock.diff,https://github.com/ASSERT-KTH/sb-heists/tree/main/smartbugs-curated/0.4.x/test/arithmetic/timelock_test.js
259,timelock.sol,timelock.sol,arithmetic,sGuardPlus,True,True,1.0,1.0,True,passed,yes,https://github.com/ASSERT-KTH/RepairComp/blob/main/results/smartbugs/sGuardPlus/arithmetic/timelock/timelock.sol,https://github.com/smartbugs/smartbugs-curated/tree/main/dataset/arithmetic/timelock.sol,https://github.com/ASSERT-KTH/RepairComp/blob/main/results/smartbugs/sGuardPlus/arithmetic/timelock/timelock.diff,https://github.com/ASSERT-KTH/sb-heists/tree/main/smartbugs-curated/0.4.x/test/arithmetic/timelock_test.js
336,token.sol,token.sol,arithmetic,SmartFix,True,True,3.0,3.0,True,passed,yes,https://github.com/ASSERT-KTH/RepairComp/blob/main/results/smartbugs/SmartFix/arithmetic/token/token.sol,https://github.com/smartbugs/smartbugs-curated/tree/main/dataset/arithmetic/token.sol,https://github.com/ASSERT-KTH/RepairComp/blob/main/results/smartbugs/SmartFix/arithmetic/token/token.diff,https://github.com/ASSERT-KTH/sb-heists/tree/main/smartbugs-curated/0.4.x/test/arithmetic/token_test.js
263,token.sol,token.sol,arithmetic,sGuardPlus,True,True,1.0,1.0,True,passed,yes,https://github.com/ASSERT-KTH/RepairComp/blob/main/results/smartbugs/sGuardPlus/arithmetic/token/token.sol,https://github.com/smartbugs/smartbugs-curated/tree/main/dataset/arithmetic/token.sol,https://github.com/ASSERT-KTH/RepairComp/blob/main/results/smartbugs/sGuardPlus/arithmetic/token/token.diff,https://github.com/ASSERT-KTH/sb-heists/tree/main/smartbugs-curated/0.4.x/test/arithmetic/token_test.js
335,tokensalechallenge.sol,tokensalechallenge.sol,arithmetic,SmartFix,True,True,3.0,3.0,True,passed,yes,https://github.com/ASSERT-KTH/RepairComp/blob/main/results/smartbugs/SmartFix/arithmetic/tokensalechallenge/tokensalechallenge.sol,https://github.com/smartbugs/smartbugs-curated/tree/main/dataset/arithmetic/tokensalechallenge.sol,https://github.com/ASSERT-KTH/RepairComp/blob/main/results/smartbugs/SmartFix/arithmetic/tokensalechallenge/tokensalechallenge.diff,https://github.com/ASSERT-KTH/sb-heists/tree/main/smartbugs-curated/0.4.x/test/arithmetic/tokensalechallenge_test.js
261,tokensalechallenge.sol,tokensalechallenge.sol,arithmetic,sGuardPlus,True,True,2.0,2.0,True,passed,yes,https://github.com/ASSERT-KTH/RepairComp/blob/main/results/smartbugs/sGuardPlus/arithmetic/tokensalechallenge/tokensalechallenge.sol,https://github.com/smartbugs/smartbugs-curated/tree/main/dataset/arithmetic/tokensalechallenge.sol,https://github.com/ASSERT-KTH/RepairComp/blob/main/results/smartbugs/sGuardPlus/arithmetic/tokensalechallenge/tokensalechallenge.diff,https://github.com/ASSERT-KTH/sb-heists/tree/main/smartbugs-curated/0.4.x/test/arithmetic/tokensalechallenge_test.js
763,blackjack_3round.sol,blackjack.sol,bad_randomness,SolGPT,True,True,1.0,1.0,True,passed,yes,https://github.com/ASSERT-KTH/RepairComp/blob/main/results/smartbugs/SolGPT/bad_randomness/blackjack/blackjack_3round.sol,https://github.com/smartbugs/smartbugs-curated/tree/main/dataset/bad_randomness/blackjack.sol,https://github.com/ASSERT-KTH/RepairComp/blob/main/results/smartbugs/SolGPT/bad_randomness/blackjack/blackjack_3round.diff,https://github.com/ASSERT-KTH/sb-heists/tree/main/smartbugs-curated/0.4.x/test/bad_randomness/blackjack_test.js
1008,crypto_roulette_4round.sol,crypto_roulette.sol,other,SolGPT,True,True,1.0,1.0,True,passed,yes,https://github.com/ASSERT-KTH/RepairComp/blob/main/results/smartbugs/SolGPT/other/crypto_roulette/crypto_roulette_4round.sol,https://github.com/smartbugs/smartbugs-curated/tree/main/dataset/other/crypto_roulette.sol,https://github.com/ASSERT-KTH/RepairComp/blob/main/results/smartbugs/SolGPT/other/crypto_roulette/crypto_roulette_4round.diff,https://github.com/ASSERT-KTH/sb-heists/tree/main/smartbugs-curated/0.4.x/test/other/crypto_roulette_test.js
1009,crypto_roulette_1round.sol,crypto_roulette.sol,other,SolGPT,True,True,1.0,1.0,True,passed,yes,https://github.com/ASSERT-KTH/RepairComp/blob/main/results/smartbugs/SolGPT/other/crypto_roulette/crypto_roulette_1round.sol,https://github.com/smartbugs/smartbugs-curated/tree/main/dataset/other/crypto_roulette.sol,https://github.com/ASSERT-KTH/RepairComp/blob/main/results/smartbugs/SolGPT/other/crypto_roulette/crypto_roulette_1round.diff,https://github.com/ASSERT-KTH/sb-heists/tree/main/smartbugs-curated/0.4.x/test/other/crypto_roulette_test.js
1010,crypto_roulette_3round.sol,crypto_roulette.sol,other,SolGPT,True,True,1.0,1.0,True,passed,yes,https://github.com/ASSERT-KTH/RepairComp/blob/main/results/smartbugs/SolGPT/other/crypto_roulette/crypto_roulette_3round.sol,https://github.com/smartbugs/smartbugs-curated/tree/main/dataset/other/crypto_roulette.sol,https://github.com/ASSERT-KTH/RepairComp/blob/main/results/smartbugs/SolGPT/other/crypto_roulette/crypto_roulette_3round.diff,https://github.com/ASSERT-KTH/sb-heists/tree/main/smartbugs-curated/0.4.x/test/other/crypto_roulette_test.js
1007,crypto_roulette_2round.sol,crypto_roulette.sol,other,SolGPT,True,True,1.0,1.0,True,passed,yes,https://github.com/ASSERT-KTH/RepairComp/blob/main/results/smartbugs/SolGPT/other/crypto_roulette/crypto_roulette_2round.sol,https://github.com/smartbugs/smartbugs-curated/tree/main/dataset/other/crypto_roulette.sol,https://github.com/ASSERT-KTH/RepairComp/blob/main/results/smartbugs/SolGPT/other/crypto_roulette/crypto_roulette_2round.diff,https://github.com/ASSERT-KTH/sb-heists/tree/main/smartbugs-curated/0.4.x/test/other/crypto_roulette_test.js
1015,name_registrar_1round.sol,name_registrar.sol,other,SolGPT,True,True,1.0,1.0,True,passed,yes,https://github.com/ASSERT-KTH/RepairComp/blob/main/results/smartbugs/SolGPT/other/name_registrar/name_registrar_1round.sol,https://github.com/smartbugs/smartbugs-curated/tree/main/dataset/other/name_registrar.sol,https://github.com/ASSERT-KTH/RepairComp/blob/main/results/smartbugs/SolGPT/other/name_registrar/name_registrar_1round.diff,https://github.com/ASSERT-KTH/sb-heists/tree/main/smartbugs-curated/0.4.x/test/other/name_registrar_test.js
1016,name_registrar_3round.sol,name_registrar.sol,other,SolGPT,True,True,1.0,1.0,True,passed,yes,https://github.com/ASSERT-KTH/RepairComp/blob/main/results/smartbugs/SolGPT/other/name_registrar/name_registrar_3round.sol,https://github.com/smartbugs/smartbugs-curated/tree/main/dataset/other/name_registrar.sol,https://github.com/ASSERT-KTH/RepairComp/blob/main/results/smartbugs/SolGPT/other/name_registrar/name_registrar_3round.diff,https://github.com/ASSERT-KTH/sb-heists/tree/main/smartbugs-curated/0.4.x/test/other/name_registrar_test.js
1017,name_registrar_2round.sol,name_registrar.sol,other,SolGPT,True,True,1.0,1.0,True,passed,yes,https://github.com/ASSERT-KTH/RepairComp/blob/main/results/smartbugs/SolGPT/other/name_registrar/name_registrar_2round.sol,https://github.com/smartbugs/smartbugs-curated/tree/main/dataset/other/name_registrar.sol,https://github.com/ASSERT-KTH/RepairComp/blob/main/results/smartbugs/SolGPT/other/name_registrar/name_registrar_2round.diff,https://github.com/ASSERT-KTH/sb-heists/tree/main/smartbugs-curated/0.4.x/test/other/name_registrar_test.js
1018,name_registrar_4round.sol,name_registrar.sol,other,SolGPT,True,True,1.0,1.0,True,passed,yes,https://github.com/ASSERT-KTH/RepairComp/blob/main/results/smartbugs/SolGPT/other/name_registrar/name_registrar_4round.sol,https://github.com/smartbugs/smartbugs-curated/tree/main/dataset/other/name_registrar.sol,https://github.com/ASSERT-KTH/RepairComp/blob/main/results/smartbugs/SolGPT/other/name_registrar/name_registrar_4round.diff,https://github.com/ASSERT-KTH/sb-heists/tree/main/smartbugs-curated/0.4.x/test/other/name_registrar_test.js
887,0x01f8c4e3fa3edeb29e514cba738d87ce8c091d3f_4round.sol,0x01f8c4e3fa3edeb29e514cba738d87ce8c091d3f.sol,reentrancy,SolGPT,True,True,1.0,1.0,True,passed,yes,https://github.com/ASSERT-KTH/RepairComp/blob/main/results/smartbugs/SolGPT/reentrancy/0x01f8c4e3fa3edeb29e514cba738d87ce8c091d3f/0x01f8c4e3fa3edeb29e514cba738d87ce8c091d3f_4round.sol,https://github.com/smartbugs/smartbugs-curated/tree/main/dataset/reentrancy/0x01f8c4e3fa3edeb29e514cba738d87ce8c091d3f.sol,https://github.com/ASSERT-KTH/RepairComp/blob/main/results/smartbugs/SolGPT/reentrancy/0x01f8c4e3fa3edeb29e514cba738d87ce8c091d3f/0x01f8c4e3fa3edeb29e514cba738d87ce8c091d3f_4round.diff,https://github.com/ASSERT-KTH/sb-heists/tree/main/smartbugs-curated/0.4.x/test/reentrancy/0x01f8c4e3fa3edeb29e514cba738d87ce8c091d3f_test.js
888,0x01f8c4e3fa3edeb29e514cba738d87ce8c091d3f_2round.sol,0x01f8c4e3fa3edeb29e514cba738d87ce8c091d3f.sol,reentrancy,SolGPT,True,True,1.0,1.0,True,passed,yes,https://github.com/ASSERT-KTH/RepairComp/blob/main/results/smartbugs/SolGPT/reentrancy/0x01f8c4e3fa3edeb29e514cba738d87ce8c091d3f/0x01f8c4e3fa3edeb29e514cba738d87ce8c091d3f_2round.sol,https://github.com/smartbugs/smartbugs-curated/tree/main/dataset/reentrancy/0x01f8c4e3fa3edeb29e514cba738d87ce8c091d3f.sol,https://github.com/ASSERT-KTH/RepairComp/blob/main/results/smartbugs/SolGPT/reentrancy/0x01f8c4e3fa3edeb29e514cba738d87ce8c091d3f/0x01f8c4e3fa3edeb29e514cba738d87ce8c091d3f_2round.diff,https://github.com/ASSERT-KTH/sb-heists/tree/main/smartbugs-curated/0.4.x/test/reentrancy/0x01f8c4e3fa3edeb29e514cba738d87ce8c091d3f_test.js
889,0x01f8c4e3fa3edeb29e514cba738d87ce8c091d3f_3round.sol,0x01f8c4e3fa3edeb29e514cba738d87ce8c091d3f.sol,reentrancy,SolGPT,True,True,1.0,1.0,True,passed,yes,https://github.com/ASSERT-KTH/RepairComp/blob/main/results/smartbugs/SolGPT/reentrancy/0x01f8c4e3fa3edeb29e514cba738d87ce8c091d3f/0x01f8c4e3fa3edeb29e514cba738d87ce8c091d3f_3round.sol,https://github.com/smartbugs/smartbugs-curated/tree/main/dataset/reentrancy/0x01f8c4e3fa3edeb29e514cba738d87ce8c091d3f.sol,https://github.com/ASSERT-KTH/RepairComp/blob/main/results/smartbugs/SolGPT/reentrancy/0x01f8c4e3fa3edeb29e514cba738d87ce8c091d3f/0x01f8c4e3fa3edeb29e514cba738d87ce8c091d3f_3round.diff,https://github.com/ASSERT-KTH/sb-heists/tree/main/smartbugs-curated/0.4.x/test/reentrancy/0x01f8c4e3fa3edeb29e514cba738d87ce8c091d3f_test.js
890,0x01f8c4e3fa3edeb29e514cba738d87ce8c091d3f_1round.sol,0x01f8c4e3fa3edeb29e514cba738d87ce8c091d3f.sol,reentrancy,SolGPT,True,True,1.0,1.0,True,passed,yes,https://github.com/ASSERT-KTH/RepairComp/blob/main/results/smartbugs/SolGPT/reentrancy/0x01f8c4e3fa3edeb29e514cba738d87ce8c091d3f/0x01f8c4e3fa3edeb29e514cba738d87ce8c091d3f_1round.sol,https://github.com/smartbugs/smartbugs-curated/tree/main/dataset/reentrancy/0x01f8c4e3fa3edeb29e514cba738d87ce8c091d3f.sol,https://github.com/ASSERT-KTH/RepairComp/blob/main/results/smartbugs/SolGPT/reentrancy/0x01f8c4e3fa3edeb29e514cba738d87ce8c091d3f/0x01f8c4e3fa3edeb29e514cba738d87ce8c091d3f_1round.diff,https://github.com/ASSERT-KTH/sb-heists/tree/main/smartbugs-curated/0.4.x/test/reentrancy/0x01f8c4e3fa3edeb29e514cba738d87ce8c091d3f_test.js
357,0x01f8c4e3fa3edeb29e514cba738d87ce8c091d3f.sol,0x01f8c4e3fa3edeb29e514cba738d87ce8c091d3f.sol,reentrancy,SmartFix,True,True,1.0,1.0,True,passed,yes,https://github.com/ASSERT-KTH/RepairComp/blob/main/results/smartbugs/SmartFix/reentrancy/0x01f8c4e3fa3edeb29e514cba738d87ce8c091d3f/0x01f8c4e3fa3edeb29e514cba738d87ce8c091d3f.sol,https://github.com/smartbugs/smartbugs-curated/tree/main/dataset/reentrancy/0x01f8c4e3fa3edeb29e514cba738d87ce8c091d3f.sol,https://github.com/ASSERT-KTH/RepairComp/blob/main/results/smartbugs/SmartFix/reentrancy/0x01f8c4e3fa3edeb29e514cba738d87ce8c091d3f/0x01f8c4e3fa3edeb29e514cba738d87ce8c091d3f.diff,https://github.com/ASSERT-KTH/sb-heists/tree/main/smartbugs-curated/0.4.x/test/reentrancy/0x01f8c4e3fa3edeb29e514cba738d87ce8c091d3f_test.js
1249,0x01f8c4e3fa3edeb29e514cba738d87ce8c091d3fR1.sol,0x01f8c4e3fa3edeb29e514cba738d87ce8c091d3f.sol,reentrancy,TIPS,True,True,1.0,1.0,True,passed,yes,https://github.com/ASSERT-KTH/RepairComp/blob/main/results/smartbugs/TIPS/reentrancy/0x01f8c4e3fa3edeb29e514cba738d87ce8c091d3f/0x01f8c4e3fa3edeb29e514cba738d87ce8c091d3fR1.sol,https://github.com/smartbugs/smartbugs-curated/tree/main/dataset/reentrancy/0x01f8c4e3fa3edeb29e514cba738d87ce8c091d3f.sol,https://github.com/ASSERT-KTH/RepairComp/blob/main/results/smartbugs/TIPS/reentrancy/0x01f8c4e3fa3edeb29e514cba738d87ce8c091d3f/0x01f8c4e3fa3edeb29e514cba738d87ce8c091d3fR1.diff,https://github.com/ASSERT-KTH/sb-heists/tree/main/smartbugs-curated/0.4.x/test/reentrancy/0x01f8c4e3fa3edeb29e514cba738d87ce8c091d3f_test.js
282,0x01f8c4e3fa3edeb29e514cba738d87ce8c091d3f.sol,0x01f8c4e3fa3edeb29e514cba738d87ce8c091d3f.sol,reentrancy,sGuardPlus,True,True,1.0,1.0,True,passed,yes,https://github.com/ASSERT-KTH/RepairComp/blob/main/results/smartbugs/sGuardPlus/reentrancy/0x01f8c4e3fa3edeb29e514cba738d87ce8c091d3f/0x01f8c4e3fa3edeb29e514cba738d87ce8c091d3f.sol,https://github.com/smartbugs/smartbugs-curated/tree/main/dataset/reentrancy/0x01f8c4e3fa3edeb29e514cba738d87ce8c091d3f.sol,https://github.com/ASSERT-KTH/RepairComp/blob/main/results/smartbugs/sGuardPlus/reentrancy/0x01f8c4e3fa3edeb29e514cba738d87ce8c091d3f/0x01f8c4e3fa3edeb29e514cba738d87ce8c091d3f.diff,https://github.com/ASSERT-KTH/sb-heists/tree/main/smartbugs-curated/0.4.x/test/reentrancy/0x01f8c4e3fa3edeb29e514cba738d87ce8c091d3f_test.js
931,0x23a91059fdc9579a9fbd0edc5f2ea0bfdb70deb4_2round.sol,0x23a91059fdc9579a9fbd0edc5f2ea0bfdb70deb4.sol,reentrancy,SolGPT,True,True,1.0,1.0,True,passed,yes,https://github.com/ASSERT-KTH/RepairComp/blob/main/results/smartbugs/SolGPT/reentrancy/0x23a91059fdc9579a9fbd0edc5f2ea0bfdb70deb4/0x23a91059fdc9579a9fbd0edc5f2ea0bfdb70deb4_2round.sol,https://github.com/smartbugs/smartbugs-curated/tree/main/dataset/reentrancy/0x23a91059fdc9579a9fbd0edc5f2ea0bfdb70deb4.sol,https://github.com/ASSERT-KTH/RepairComp/blob/main/results/smartbugs/SolGPT/reentrancy/0x23a91059fdc9579a9fbd0edc5f2ea0bfdb70deb4/0x23a91059fdc9579a9fbd0edc5f2ea0bfdb70deb4_2round.diff,https://github.com/ASSERT-KTH/sb-heists/tree/main/smartbugs-curated/0.4.x/test/reentrancy/0x23a91059fdc9579a9fbd0edc5f2ea0bfdb70deb4_test.js
932,0x23a91059fdc9579a9fbd0edc5f2ea0bfdb70deb4_4round.sol,0x23a91059fdc9579a9fbd0edc5f2ea0bfdb70deb4.sol,reentrancy,SolGPT,True,True,1.0,1.0,True,passed,yes,https://github.com/ASSERT-KTH/RepairComp/blob/main/results/smartbugs/SolGPT/reentrancy/0x23a91059fdc9579a9fbd0edc5f2ea0bfdb70deb4/0x23a91059fdc9579a9fbd0edc5f2ea0bfdb70deb4_4round.sol,https://github.com/smartbugs/smartbugs-curated/tree/main/dataset/reentrancy/0x23a91059fdc9579a9fbd0edc5f2ea0bfdb70deb4.sol,https://github.com/ASSERT-KTH/RepairComp/blob/main/results/smartbugs/SolGPT/reentrancy/0x23a91059fdc9579a9fbd0edc5f2ea0bfdb70deb4/0x23a91059fdc9579a9fbd0edc5f2ea0bfdb70deb4_4round.diff,https://github.com/ASSERT-KTH/sb-heists/tree/main/smartbugs-curated/0.4.x/test/reentrancy/0x23a91059fdc9579a9fbd0edc5f2ea0bfdb70deb4_test.js
933,0x23a91059fdc9579a9fbd0edc5f2ea0bfdb70deb4_3round.sol,0x23a91059fdc9579a9fbd0edc5f2ea0bfdb70deb4.sol,reentrancy,SolGPT,True,True,1.0,1.0,True,passed,yes,https://github.com/ASSERT-KTH/RepairComp/blob/main/results/smartbugs/SolGPT/reentrancy/0x23a91059fdc9579a9fbd0edc5f2ea0bfdb70deb4/0x23a91059fdc9579a9fbd0edc5f2ea0bfdb70deb4_3round.sol,https://github.com/smartbugs/smartbugs-curated/tree/main/dataset/reentrancy/0x23a91059fdc9579a9fbd0edc5f2ea0bfdb70deb4.sol,https://github.com/ASSERT-KTH/RepairComp/blob/main/results/smartbugs/SolGPT/reentrancy/0x23a91059fdc9579a9fbd0edc5f2ea0bfdb70deb4/0x23a91059fdc9579a9fbd0edc5f2ea0bfdb70deb4_3round.diff,https://github.com/ASSERT-KTH/sb-heists/tree/main/smartbugs-curated/0.4.x/test/reentrancy/0x23a91059fdc9579a9fbd0edc5f2ea0bfdb70deb4_test.js
934,0x23a91059fdc9579a9fbd0edc5f2ea0bfdb70deb4_1round.sol,0x23a91059fdc9579a9fbd0edc5f2ea0bfdb70deb4.sol,reentrancy,SolGPT,True,True,1.0,1.0,True,passed,yes,https://github.com/ASSERT-KTH/RepairComp/blob/main/results/smartbugs/SolGPT/reentrancy/0x23a91059fdc9579a9fbd0edc5f2ea0bfdb70deb4/0x23a91059fdc9579a9fbd0edc5f2ea0bfdb70deb4_1round.sol,https://github.com/smartbugs/smartbugs-curated/tree/main/dataset/reentrancy/0x23a91059fdc9579a9fbd0edc5f2ea0bfdb70deb4.sol,https://github.com/ASSERT-KTH/RepairComp/blob/main/results/smartbugs/SolGPT/reentrancy/0x23a91059fdc9579a9fbd0edc5f2ea0bfdb70deb4/0x23a91059fdc9579a9fbd0edc5f2ea0bfdb70deb4_1round.diff,https://github.com/ASSERT-KTH/sb-heists/tree/main/smartbugs-curated/0.4.x/test/reentrancy/0x23a91059fdc9579a9fbd0edc5f2ea0bfdb70deb4_test.js
366,0x23a91059fdc9579a9fbd0edc5f2ea0bfdb70deb4.sol,0x23a91059fdc9579a9fbd0edc5f2ea0bfdb70deb4.sol,reentrancy,SmartFix,True,True,1.0,1.0,True,passed,yes,https://github.com/ASSERT-KTH/RepairComp/blob/main/results/smartbugs/SmartFix/reentrancy/0x23a91059fdc9579a9fbd0edc5f2ea0bfdb70deb4/0x23a91059fdc9579a9fbd0edc5f2ea0bfdb70deb4.sol,https://github.com/smartbugs/smartbugs-curated/tree/main/dataset/reentrancy/0x23a91059fdc9579a9fbd0edc5f2ea0bfdb70deb4.sol,https://github.com/ASSERT-KTH/RepairComp/blob/main/results/smartbugs/SmartFix/reentrancy/0x23a91059fdc9579a9fbd0edc5f2ea0bfdb70deb4/0x23a91059fdc9579a9fbd0edc5f2ea0bfdb70deb4.diff,https://github.com/ASSERT-KTH/sb-heists/tree/main/smartbugs-curated/0.4.x/test/reentrancy/0x23a91059fdc9579a9fbd0edc5f2ea0bfdb70deb4_test.js
1271,0x23a91059fdc9579a9fbd0edc5f2ea0bfdb70deb4R1.sol,0x23a91059fdc9579a9fbd0edc5f2ea0bfdb70deb4.sol,reentrancy,TIPS,True,True,1.0,1.0,True,passed,yes,https://github.com/ASSERT-KTH/RepairComp/blob/main/results/smartbugs/TIPS/reentrancy/0x23a91059fdc9579a9fbd0edc5f2ea0bfdb70deb4/0x23a91059fdc9579a9fbd0edc5f2ea0bfdb70deb4R1.sol,https://github.com/smartbugs/smartbugs-curated/tree/main/dataset/reentrancy/0x23a91059fdc9579a9fbd0edc5f2ea0bfdb70deb4.sol,https://github.com/ASSERT-KTH/RepairComp/blob/main/results/smartbugs/TIPS/reentrancy/0x23a91059fdc9579a9fbd0edc5f2ea0bfdb70deb4/0x23a91059fdc9579a9fbd0edc5f2ea0bfdb70deb4R1.diff,https://github.com/ASSERT-KTH/sb-heists/tree/main/smartbugs-curated/0.4.x/test/reentrancy/0x23a91059fdc9579a9fbd0edc5f2ea0bfdb70deb4_test.js
292,0x23a91059fdc9579a9fbd0edc5f2ea0bfdb70deb4.sol,0x23a91059fdc9579a9fbd0edc5f2ea0bfdb70deb4.sol,reentrancy,sGuardPlus,True,True,1.0,1.0,True,passed,yes,https://github.com/ASSERT-KTH/RepairComp/blob/main/results/smartbugs/sGuardPlus/reentrancy/0x23a91059fdc9579a9fbd0edc5f2ea0bfdb70deb4/0x23a91059fdc9579a9fbd0edc5f2ea0bfdb70deb4.sol,https://github.com/smartbugs/smartbugs-curated/tree/main/dataset/reentrancy/0x23a91059fdc9579a9fbd0edc5f2ea0bfdb70deb4.sol,https://github.com/ASSERT-KTH/RepairComp/blob/main/results/smartbugs/sGuardPlus/reentrancy/0x23a91059fdc9579a9fbd0edc5f2ea0bfdb70deb4/0x23a91059fdc9579a9fbd0edc5f2ea0bfdb70deb4.diff,https://github.com/ASSERT-KTH/sb-heists/tree/main/smartbugs-curated/0.4.x/test/reentrancy/0x23a91059fdc9579a9fbd0edc5f2ea0bfdb70deb4_test.js
862,0x4320e6f8c05b27ab4707cd1f6d5ce6f3e4b3a5a1_3round.sol,0x4320e6f8c05b27ab4707cd1f6d5ce6f3e4b3a5a1.sol,reentrancy,SolGPT,True,True,1.0,1.0,True,passed,yes,https://github.com/ASSERT-KTH/RepairComp/blob/main/results/smartbugs/SolGPT/reentrancy/0x4320e6f8c05b27ab4707cd1f6d5ce6f3e4b3a5a1/0x4320e6f8c05b27ab4707cd1f6d5ce6f3e4b3a5a1_3round.sol,https://github.com/smartbugs/smartbugs-curated/tree/main/dataset/reentrancy/0x4320e6f8c05b27ab4707cd1f6d5ce6f3e4b3a5a1.sol,https://github.com/ASSERT-KTH/RepairComp/blob/main/results/smartbugs/SolGPT/reentrancy/0x4320e6f8c05b27ab4707cd1f6d5ce6f3e4b3a5a1/0x4320e6f8c05b27ab4707cd1f6d5ce6f3e4b3a5a1_3round.diff,https://github.com/ASSERT-KTH/sb-heists/tree/main/smartbugs-curated/0.4.x/test/reentrancy/0x4320e6f8c05b27ab4707cd1f6d5ce6f3e4b3a5a1_test.js
861,0x4320e6f8c05b27ab4707cd1f6d5ce6f3e4b3a5a1_2round.sol,0x4320e6f8c05b27ab4707cd1f6d5ce6f3e4b3a5a1.sol,reentrancy,SolGPT,True,True,1.0,1.0,True,passed,yes,https://github.com/ASSERT-KTH/RepairComp/blob/main/results/smartbugs/SolGPT/reentrancy/0x4320e6f8c05b27ab4707cd1f6d5ce6f3e4b3a5a1/0x4320e6f8c05b27ab4707cd1f6d5ce6f3e4b3a5a1_2round.sol,https://github.com/smartbugs/smartbugs-curated/tree/main/dataset/reentrancy/0x4320e6f8c05b27ab4707cd1f6d5ce6f3e4b3a5a1.sol,https://github.com/ASSERT-KTH/RepairComp/blob/main/results/smartbugs/SolGPT/reentrancy/0x4320e6f8c05b27ab4707cd1f6d5ce6f3e4b3a5a1/0x4320e6f8c05b27ab4707cd1f6d5ce6f3e4b3a5a1_2round.diff,https://github.com/ASSERT-KTH/sb-heists/tree/main/smartbugs-curated/0.4.x/test/reentrancy/0x4320e6f8c05b27ab4707cd1f6d5ce6f3e4b3a5a1_test.js
860,0x4320e6f8c05b27ab4707cd1f6d5ce6f3e4b3a5a1_1round.sol,0x4320e6f8c05b27ab4707cd1f6d5ce6f3e4b3a5a1.sol,reentrancy,SolGPT,True,True,1.0,1.0,True,passed,yes,https://github.com/ASSERT-KTH/RepairComp/blob/main/results/smartbugs/SolGPT/reentrancy/0x4320e6f8c05b27ab4707cd1f6d5ce6f3e4b3a5a1/0x4320e6f8c05b27ab4707cd1f6d5ce6f3e4b3a5a1_1round.sol,https://github.com/smartbugs/smartbugs-curated/tree/main/dataset/reentrancy/0x4320e6f8c05b27ab4707cd1f6d5ce6f3e4b3a5a1.sol,https://github.com/ASSERT-KTH/RepairComp/blob/main/results/smartbugs/SolGPT/reentrancy/0x4320e6f8c05b27ab4707cd1f6d5ce6f3e4b3a5a1/0x4320e6f8c05b27ab4707cd1f6d5ce6f3e4b3a5a1_1round.diff,https://github.com/ASSERT-KTH/sb-heists/tree/main/smartbugs-curated/0.4.x/test/reentrancy/0x4320e6f8c05b27ab4707cd1f6d5ce6f3e4b3a5a1_test.js
859,0x4320e6f8c05b27ab4707cd1f6d5ce6f3e4b3a5a1_4round.sol,0x4320e6f8c05b27ab4707cd1f6d5ce6f3e4b3a5a1.sol,reentrancy,SolGPT,True,True,1.0,1.0,True,passed,yes,https://github.com/ASSERT-KTH/RepairComp/blob/main/results/smartbugs/SolGPT/reentrancy/0x4320e6f8c05b27ab4707cd1f6d5ce6f3e4b3a5a1/0x4320e6f8c05b27ab4707cd1f6d5ce6f3e4b3a5a1_4round.sol,https://github.com/smartbugs/smartbugs-curated/tree/main/dataset/reentrancy/0x4320e6f8c05b27ab4707cd1f6d5ce6f3e4b3a5a1.sol,https://github.com/ASSERT-KTH/RepairComp/blob/main/results/smartbugs/SolGPT/reentrancy/0x4320e6f8c05b27ab4707cd1f6d5ce6f3e4b3a5a1/0x4320e6f8c05b27ab4707cd1f6d5ce6f3e4b3a5a1_4round.diff,https://github.com/ASSERT-KTH/sb-heists/tree/main/smartbugs-curated/0.4.x/test/reentrancy/0x4320e6f8c05b27ab4707cd1f6d5ce6f3e4b3a5a1_test.js
351,0x4320e6f8c05b27ab4707cd1f6d5ce6f3e4b3a5a1.sol,0x4320e6f8c05b27ab4707cd1f6d5ce6f3e4b3a5a1.sol,reentrancy,SmartFix,True,True,1.0,1.0,True,passed,yes,https://github.com/ASSERT-KTH/RepairComp/blob/main/results/smartbugs/SmartFix/reentrancy/0x4320e6f8c05b27ab4707cd1f6d5ce6f3e4b3a5a1/0x4320e6f8c05b27ab4707cd1f6d5ce6f3e4b3a5a1.sol,https://github.com/smartbugs/smartbugs-curated/tree/main/dataset/reentrancy/0x4320e6f8c05b27ab4707cd1f6d5ce6f3e4b3a5a1.sol,https://github.com/ASSERT-KTH/RepairComp/blob/main/results/smartbugs/SmartFix/reentrancy/0x4320e6f8c05b27ab4707cd1f6d5ce6f3e4b3a5a1/0x4320e6f8c05b27ab4707cd1f6d5ce6f3e4b3a5a1.diff,https://github.com/ASSERT-KTH/sb-heists/tree/main/smartbugs-curated/0.4.x/test/reentrancy/0x4320e6f8c05b27ab4707cd1f6d5ce6f3e4b3a5a1_test.js
1235,0x4320e6f8c05b27ab4707cd1f6d5ce6f3e4b3a5a1R1.sol,0x4320e6f8c05b27ab4707cd1f6d5ce6f3e4b3a5a1.sol,reentrancy,TIPS,True,True,1.0,1.0,True,passed,yes,https://github.com/ASSERT-KTH/RepairComp/blob/main/results/smartbugs/TIPS/reentrancy/0x4320e6f8c05b27ab4707cd1f6d5ce6f3e4b3a5a1/0x4320e6f8c05b27ab4707cd1f6d5ce6f3e4b3a5a1R1.sol,https://github.com/smartbugs/smartbugs-curated/tree/main/dataset/reentrancy/0x4320e6f8c05b27ab4707cd1f6d5ce6f3e4b3a5a1.sol,https://github.com/ASSERT-KTH/RepairComp/blob/main/results/smartbugs/TIPS/reentrancy/0x4320e6f8c05b27ab4707cd1f6d5ce6f3e4b3a5a1/0x4320e6f8c05b27ab4707cd1f6d5ce6f3e4b3a5a1R1.diff,https://github.com/ASSERT-KTH/sb-heists/tree/main/smartbugs-curated/0.4.x/test/reentrancy/0x4320e6f8c05b27ab4707cd1f6d5ce6f3e4b3a5a1_test.js
275,0x4320e6f8c05b27ab4707cd1f6d5ce6f3e4b3a5a1.sol,0x4320e6f8c05b27ab4707cd1f6d5ce6f3e4b3a5a1.sol,reentrancy,sGuardPlus,True,True,1.0,1.0,True,passed,yes,https://github.com/ASSERT-KTH/RepairComp/blob/main/results/smartbugs/sGuardPlus/reentrancy/0x4320e6f8c05b27ab4707cd1f6d5ce6f3e4b3a5a1/0x4320e6f8c05b27ab4707cd1f6d5ce6f3e4b3a5a1.sol,https://github.com/smartbugs/smartbugs-curated/tree/main/dataset/reentrancy/0x4320e6f8c05b27ab4707cd1f6d5ce6f3e4b3a5a1.sol,https://github.com/ASSERT-KTH/RepairComp/blob/main/results/smartbugs/sGuardPlus/reentrancy/0x4320e6f8c05b27ab4707cd1f6d5ce6f3e4b3a5a1/0x4320e6f8c05b27ab4707cd1f6d5ce6f3e4b3a5a1.diff,https://github.com/ASSERT-KTH/sb-heists/tree/main/smartbugs-curated/0.4.x/test/reentrancy/0x4320e6f8c05b27ab4707cd1f6d5ce6f3e4b3a5a1_test.js
899,0x4e73b32ed6c35f570686b89848e5f39f20ecc106_3round.sol,0x4e73b32ed6c35f570686b89848e5f39f20ecc106.sol,reentrancy,SolGPT,True,True,1.0,1.0,True,passed,yes,https://github.com/ASSERT-KTH/RepairComp/blob/main/results/smartbugs/SolGPT/reentrancy/0x4e73b32ed6c35f570686b89848e5f39f20ecc106/0x4e73b32ed6c35f570686b89848e5f39f20ecc106_3round.sol,https://github.com/smartbugs/smartbugs-curated/tree/main/dataset/reentrancy/0x4e73b32ed6c35f570686b89848e5f39f20ecc106.sol,https://github.com/ASSERT-KTH/RepairComp/blob/main/results/smartbugs/SolGPT/reentrancy/0x4e73b32ed6c35f570686b89848e5f39f20ecc106/0x4e73b32ed6c35f570686b89848e5f39f20ecc106_3round.diff,https://github.com/ASSERT-KTH/sb-heists/tree/main/smartbugs-curated/0.4.x/test/reentrancy/0x4e73b32ed6c35f570686b89848e5f39f20ecc106_test.js
902,0x4e73b32ed6c35f570686b89848e5f39f20ecc106_1round.sol,0x4e73b32ed6c35f570686b89848e5f39f20ecc106.sol,reentrancy,SolGPT,True,True,1.0,1.0,True,passed,yes,https://github.com/ASSERT-KTH/RepairComp/blob/main/results/smartbugs/SolGPT/reentrancy/0x4e73b32ed6c35f570686b89848e5f39f20ecc106/0x4e73b32ed6c35f570686b89848e5f39f20ecc106_1round.sol,https://github.com/smartbugs/smartbugs-curated/tree/main/dataset/reentrancy/0x4e73b32ed6c35f570686b89848e5f39f20ecc106.sol,https://github.com/ASSERT-KTH/RepairComp/blob/main/results/smartbugs/SolGPT/reentrancy/0x4e73b32ed6c35f570686b89848e5f39f20ecc106/0x4e73b32ed6c35f570686b89848e5f39f20ecc106_1round.diff,https://github.com/ASSERT-KTH/sb-heists/tree/main/smartbugs-curated/0.4.x/test/reentrancy/0x4e73b32ed6c35f570686b89848e5f39f20ecc106_test.js
901,0x4e73b32ed6c35f570686b89848e5f39f20ecc106_4round.sol,0x4e73b32ed6c35f570686b89848e5f39f20ecc106.sol,reentrancy,SolGPT,True,True,1.0,1.0,True,passed,yes,https://github.com/ASSERT-KTH/RepairComp/blob/main/results/smartbugs/SolGPT/reentrancy/0x4e73b32ed6c35f570686b89848e5f39f20ecc106/0x4e73b32ed6c35f570686b89848e5f39f20ecc106_4round.sol,https://github.com/smartbugs/smartbugs-curated/tree/main/dataset/reentrancy/0x4e73b32ed6c35f570686b89848e5f39f20ecc106.sol,https://github.com/ASSERT-KTH/RepairComp/blob/main/results/smartbugs/SolGPT/reentrancy/0x4e73b32ed6c35f570686b89848e5f39f20ecc106/0x4e73b32ed6c35f570686b89848e5f39f20ecc106_4round.diff,https://github.com/ASSERT-KTH/sb-heists/tree/main/smartbugs-curated/0.4.x/test/reentrancy/0x4e73b32ed6c35f570686b89848e5f39f20ecc106_test.js
900,0x4e73b32ed6c35f570686b89848e5f39f20ecc106_2round.sol,0x4e73b32ed6c35f570686b89848e5f39f20ecc106.sol,reentrancy,SolGPT,True,True,1.0,1.0,True,passed,yes,https://github.com/ASSERT-KTH/RepairComp/blob/main/results/smartbugs/SolGPT/reentrancy/0x4e73b32ed6c35f570686b89848e5f39f20ecc106/0x4e73b32ed6c35f570686b89848e5f39f20ecc106_2round.sol,https://github.com/smartbugs/smartbugs-curated/tree/main/dataset/reentrancy/0x4e73b32ed6c35f570686b89848e5f39f20ecc106.sol,https://github.com/ASSERT-KTH/RepairComp/blob/main/results/smartbugs/SolGPT/reentrancy/0x4e73b32ed6c35f570686b89848e5f39f20ecc106/0x4e73b32ed6c35f570686b89848e5f39f20ecc106_2round.diff,https://github.com/ASSERT-KTH/sb-heists/tree/main/smartbugs-curated/0.4.x/test/reentrancy/0x4e73b32ed6c35f570686b89848e5f39f20ecc106_test.js
359,0x4e73b32ed6c35f570686b89848e5f39f20ecc106.sol,0x4e73b32ed6c35f570686b89848e5f39f20ecc106.sol,reentrancy,SmartFix,True,True,1.0,1.0,True,passed,yes,https://github.com/ASSERT-KTH/RepairComp/blob/main/results/smartbugs/SmartFix/reentrancy/0x4e73b32ed6c35f570686b89848e5f39f20ecc106/0x4e73b32ed6c35f570686b89848e5f39f20ecc106.sol,https://github.com/smartbugs/smartbugs-curated/tree/main/dataset/reentrancy/0x4e73b32ed6c35f570686b89848e5f39f20ecc106.sol,https://github.com/ASSERT-KTH/RepairComp/blob/main/results/smartbugs/SmartFix/reentrancy/0x4e73b32ed6c35f570686b89848e5f39f20ecc106/0x4e73b32ed6c35f570686b89848e5f39f20ecc106.diff,https://github.com/ASSERT-KTH/sb-heists/tree/main/smartbugs-curated/0.4.x/test/reentrancy/0x4e73b32ed6c35f570686b89848e5f39f20ecc106_test.js
1255,0x4e73b32ed6c35f570686b89848e5f39f20ecc106R1.sol,0x4e73b32ed6c35f570686b89848e5f39f20ecc106.sol,reentrancy,TIPS,True,True,1.0,1.0,True,passed,yes,https://github.com/ASSERT-KTH/RepairComp/blob/main/results/smartbugs/TIPS/reentrancy/0x4e73b32ed6c35f570686b89848e5f39f20ecc106/0x4e73b32ed6c35f570686b89848e5f39f20ecc106R1.sol,https://github.com/smartbugs/smartbugs-curated/tree/main/dataset/reentrancy/0x4e73b32ed6c35f570686b89848e5f39f20ecc106.sol,https://github.com/ASSERT-KTH/RepairComp/blob/main/results/smartbugs/TIPS/reentrancy/0x4e73b32ed6c35f570686b89848e5f39f20ecc106/0x4e73b32ed6c35f570686b89848e5f39f20ecc106R1.diff,https://github.com/ASSERT-KTH/sb-heists/tree/main/smartbugs-curated/0.4.x/test/reentrancy/0x4e73b32ed6c35f570686b89848e5f39f20ecc106_test.js
285,0x4e73b32ed6c35f570686b89848e5f39f20ecc106.sol,0x4e73b32ed6c35f570686b89848e5f39f20ecc106.sol,reentrancy,sGuardPlus,True,True,1.0,1.0,True,passed,yes,https://github.com/ASSERT-KTH/RepairComp/blob/main/results/smartbugs/sGuardPlus/reentrancy/0x4e73b32ed6c35f570686b89848e5f39f20ecc106/0x4e73b32ed6c35f570686b89848e5f39f20ecc106.sol,https://github.com/smartbugs/smartbugs-curated/tree/main/dataset/reentrancy/0x4e73b32ed6c35f570686b89848e5f39f20ecc106.sol,https://github.com/ASSERT-KTH/RepairComp/blob/main/results/smartbugs/sGuardPlus/reentrancy/0x4e73b32ed6c35f570686b89848e5f39f20ecc106/0x4e73b32ed6c35f570686b89848e5f39f20ecc106.diff,https://github.com/ASSERT-KTH/sb-heists/tree/main/smartbugs-curated/0.4.x/test/reentrancy/0x4e73b32ed6c35f570686b89848e5f39f20ecc106_test.js
959,0x561eac93c92360949ab1f1403323e6db345cbf31_1round.sol,0x561eac93c92360949ab1f1403323e6db345cbf31.sol,reentrancy,SolGPT,True,True,1.0,1.0,True,passed,yes,https://github.com/ASSERT-KTH/RepairComp/blob/main/results/smartbugs/SolGPT/reentrancy/0x561eac93c92360949ab1f1403323e6db345cbf31/0x561eac93c92360949ab1f1403323e6db345cbf31_1round.sol,https://github.com/smartbugs/smartbugs-curated/tree/main/dataset/reentrancy/0x561eac93c92360949ab1f1403323e6db345cbf31.sol,https://github.com/ASSERT-KTH/RepairComp/blob/main/results/smartbugs/SolGPT/reentrancy/0x561eac93c92360949ab1f1403323e6db345cbf31/0x561eac93c92360949ab1f1403323e6db345cbf31_1round.diff,https://github.com/ASSERT-KTH/sb-heists/tree/main/smartbugs-curated/0.4.x/test/reentrancy/0x561eac93c92360949ab1f1403323e6db345cbf31_test.js
960,0x561eac93c92360949ab1f1403323e6db345cbf31_2round.sol,0x561eac93c92360949ab1f1403323e6db345cbf31.sol,reentrancy,SolGPT,True,True,1.0,1.0,True,passed,yes,https://github.com/ASSERT-KTH/RepairComp/blob/main/results/smartbugs/SolGPT/reentrancy/0x561eac93c92360949ab1f1403323e6db345cbf31/0x561eac93c92360949ab1f1403323e6db345cbf31_2round.sol,https://github.com/smartbugs/smartbugs-curated/tree/main/dataset/reentrancy/0x561eac93c92360949ab1f1403323e6db345cbf31.sol,https://github.com/ASSERT-KTH/RepairComp/blob/main/results/smartbugs/SolGPT/reentrancy/0x561eac93c92360949ab1f1403323e6db345cbf31/0x561eac93c92360949ab1f1403323e6db345cbf31_2round.diff,https://github.com/ASSERT-KTH/sb-heists/tree/main/smartbugs-curated/0.4.x/test/reentrancy/0x561eac93c92360949ab1f1403323e6db345cbf31_test.js
961,0x561eac93c92360949ab1f1403323e6db345cbf31_3round.sol,0x561eac93c92360949ab1f1403323e6db345cbf31.sol,reentrancy,SolGPT,True,True,1.0,1.0,True,passed,yes,https://github.com/ASSERT-KTH/RepairComp/blob/main/results/smartbugs/SolGPT/reentrancy/0x561eac93c92360949ab1f1403323e6db345cbf31/0x561eac93c92360949ab1f1403323e6db345cbf31_3round.sol,https://github.com/smartbugs/smartbugs-curated/tree/main/dataset/reentrancy/0x561eac93c92360949ab1f1403323e6db345cbf31.sol,https://github.com/ASSERT-KTH/RepairComp/blob/main/results/smartbugs/SolGPT/reentrancy/0x561eac93c92360949ab1f1403323e6db345cbf31/0x561eac93c92360949ab1f1403323e6db345cbf31_3round.diff,https://github.com/ASSERT-KTH/sb-heists/tree/main/smartbugs-curated/0.4.x/test/reentrancy/0x561eac93c92360949ab1f1403323e6db345cbf31_test.js
962,0x561eac93c92360949ab1f1403323e6db345cbf31_4round.sol,0x561eac93c92360949ab1f1403323e6db345cbf31.sol,reentrancy,SolGPT,True,True,1.0,1.0,True,passed,yes,https://github.com/ASSERT-KTH/RepairComp/blob/main/results/smartbugs/SolGPT/reentrancy/0x561eac93c92360949ab1f1403323e6db345cbf31/0x561eac93c92360949ab1f1403323e6db345cbf31_4round.sol,https://github.com/smartbugs/smartbugs-curated/tree/main/dataset/reentrancy/0x561eac93c92360949ab1f1403323e6db345cbf31.sol,https://github.com/ASSERT-KTH/RepairComp/blob/main/results/smartbugs/SolGPT/reentrancy/0x561eac93c92360949ab1f1403323e6db345cbf31/0x561eac93c92360949ab1f1403323e6db345cbf31_4round.diff,https://github.com/ASSERT-KTH/sb-heists/tree/main/smartbugs-curated/0.4.x/test/reentrancy/0x561eac93c92360949ab1f1403323e6db345cbf31_test.js
373,0x561eac93c92360949ab1f1403323e6db345cbf31.sol,0x561eac93c92360949ab1f1403323e6db345cbf31.sol,reentrancy,SmartFix,True,True,1.0,1.0,True,passed,yes,https://github.com/ASSERT-KTH/RepairComp/blob/main/results/smartbugs/SmartFix/reentrancy/0x561eac93c92360949ab1f1403323e6db345cbf31/0x561eac93c92360949ab1f1403323e6db345cbf31.sol,https://github.com/smartbugs/smartbugs-curated/tree/main/dataset/reentrancy/0x561eac93c92360949ab1f1403323e6db345cbf31.sol,https://github.com/ASSERT-KTH/RepairComp/blob/main/results/smartbugs/SmartFix/reentrancy/0x561eac93c92360949ab1f1403323e6db345cbf31/0x561eac93c92360949ab1f1403323e6db345cbf31.diff,https://github.com/ASSERT-KTH/sb-heists/tree/main/smartbugs-curated/0.4.x/test/reentrancy/0x561eac93c92360949ab1f1403323e6db345cbf31_test.js
1286,0x561eac93c92360949ab1f1403323e6db345cbf31R1.sol,0x561eac93c92360949ab1f1403323e6db345cbf31.sol,reentrancy,TIPS,True,True,1.0,1.0,True,passed,yes,https://github.com/ASSERT-KTH/RepairComp/blob/main/results/smartbugs/TIPS/reentrancy/0x561eac93c92360949ab1f1403323e6db345cbf31/0x561eac93c92360949ab1f1403323e6db345cbf31R1.sol,https://github.com/smartbugs/smartbugs-curated/tree/main/dataset/reentrancy/0x561eac93c92360949ab1f1403323e6db345cbf31.sol,https://github.com/ASSERT-KTH/RepairComp/blob/main/results/smartbugs/TIPS/reentrancy/0x561eac93c92360949ab1f1403323e6db345cbf31/0x561eac93c92360949ab1f1403323e6db345cbf31R1.diff,https://github.com/ASSERT-KTH/sb-heists/tree/main/smartbugs-curated/0.4.x/test/reentrancy/0x561eac93c92360949ab1f1403323e6db345cbf31_test.js
298,0x561eac93c92360949ab1f1403323e6db345cbf31.sol,0x561eac93c92360949ab1f1403323e6db345cbf31.sol,reentrancy,sGuardPlus,True,True,1.0,1.0,True,passed,yes,https://github.com/ASSERT-KTH/RepairComp/blob/main/results/smartbugs/sGuardPlus/reentrancy/0x561eac93c92360949ab1f1403323e6db345cbf31/0x561eac93c92360949ab1f1403323e6db345cbf31.sol,https://github.com/smartbugs/smartbugs-curated/tree/main/dataset/reentrancy/0x561eac93c92360949ab1f1403323e6db345cbf31.sol,https://github.com/ASSERT-KTH/RepairComp/blob/main/results/smartbugs/sGuardPlus/reentrancy/0x561eac93c92360949ab1f1403323e6db345cbf31/0x561eac93c92360949ab1f1403323e6db345cbf31.diff,https://github.com/ASSERT-KTH/sb-heists/tree/main/smartbugs-curated/0.4.x/test/reentrancy/0x561eac93c92360949ab1f1403323e6db345cbf31_test.js
951,0x7541b76cb60f4c60af330c208b0623b7f54bf615_4round.sol,0x7541b76cb60f4c60af330c208b0623b7f54bf615.sol,reentrancy,SolGPT,True,True,1.0,1.0,True,passed,yes,https://github.com/ASSERT-KTH/RepairComp/blob/main/results/smartbugs/SolGPT/reentrancy/0x7541b76cb60f4c60af330c208b0623b7f54bf615/0x7541b76cb60f4c60af330c208b0623b7f54bf615_4round.sol,https://github.com/smartbugs/smartbugs-curated/tree/main/dataset/reentrancy/0x7541b76cb60f4c60af330c208b0623b7f54bf615.sol,https://github.com/ASSERT-KTH/RepairComp/blob/main/results/smartbugs/SolGPT/reentrancy/0x7541b76cb60f4c60af330c208b0623b7f54bf615/0x7541b76cb60f4c60af330c208b0623b7f54bf615_4round.diff,https://github.com/ASSERT-KTH/sb-heists/tree/main/smartbugs-curated/0.4.x/test/reentrancy/0x7541b76cb60f4c60af330c208b0623b7f54bf615_test.js
952,0x7541b76cb60f4c60af330c208b0623b7f54bf615_1round.sol,0x7541b76cb60f4c60af330c208b0623b7f54bf615.sol,reentrancy,SolGPT,True,True,1.0,1.0,True,passed,yes,https://github.com/ASSERT-KTH/RepairComp/blob/main/results/smartbugs/SolGPT/reentrancy/0x7541b76cb60f4c60af330c208b0623b7f54bf615/0x7541b76cb60f4c60af330c208b0623b7f54bf615_1round.sol,https://github.com/smartbugs/smartbugs-curated/tree/main/dataset/reentrancy/0x7541b76cb60f4c60af330c208b0623b7f54bf615.sol,https://github.com/ASSERT-KTH/RepairComp/blob/main/results/smartbugs/SolGPT/reentrancy/0x7541b76cb60f4c60af330c208b0623b7f54bf615/0x7541b76cb60f4c60af330c208b0623b7f54bf615_1round.diff,https://github.com/ASSERT-KTH/sb-heists/tree/main/smartbugs-curated/0.4.x/test/reentrancy/0x7541b76cb60f4c60af330c208b0623b7f54bf615_test.js
953,0x7541b76cb60f4c60af330c208b0623b7f54bf615_3round.sol,0x7541b76cb60f4c60af330c208b0623b7f54bf615.sol,reentrancy,SolGPT,True,True,1.0,1.0,True,passed,yes,https://github.com/ASSERT-KTH/RepairComp/blob/main/results/smartbugs/SolGPT/reentrancy/0x7541b76cb60f4c60af330c208b0623b7f54bf615/0x7541b76cb60f4c60af330c208b0623b7f54bf615_3round.sol,https://github.com/smartbugs/smartbugs-curated/tree/main/dataset/reentrancy/0x7541b76cb60f4c60af330c208b0623b7f54bf615.sol,https://github.com/ASSERT-KTH/RepairComp/blob/main/results/smartbugs/SolGPT/reentrancy/0x7541b76cb60f4c60af330c208b0623b7f54bf615/0x7541b76cb60f4c60af330c208b0623b7f54bf615_3round.diff,https://github.com/ASSERT-KTH/sb-heists/tree/main/smartbugs-curated/0.4.x/test/reentrancy/0x7541b76cb60f4c60af330c208b0623b7f54bf615_test.js
954,0x7541b76cb60f4c60af330c208b0623b7f54bf615_2round.sol,0x7541b76cb60f4c60af330c208b0623b7f54bf615.sol,reentrancy,SolGPT,True,True,1.0,1.0,True,passed,yes,https://github.com/ASSERT-KTH/RepairComp/blob/main/results/smartbugs/SolGPT/reentrancy/0x7541b76cb60f4c60af330c208b0623b7f54bf615/0x7541b76cb60f4c60af330c208b0623b7f54bf615_2round.sol,https://github.com/smartbugs/smartbugs-curated/tree/main/dataset/reentrancy/0x7541b76cb60f4c60af330c208b0623b7f54bf615.sol,https://github.com/ASSERT-KTH/RepairComp/blob/main/results/smartbugs/SolGPT/reentrancy/0x7541b76cb60f4c60af330c208b0623b7f54bf615/0x7541b76cb60f4c60af330c208b0623b7f54bf615_2round.diff,https://github.com/ASSERT-KTH/sb-heists/tree/main/smartbugs-curated/0.4.x/test/reentrancy/0x7541b76cb60f4c60af330c208b0623b7f54bf615_test.js
371,0x7541b76cb60f4c60af330c208b0623b7f54bf615.sol,0x7541b76cb60f4c60af330c208b0623b7f54bf615.sol,reentrancy,SmartFix,True,True,1.0,1.0,True,passed,yes,https://github.com/ASSERT-KTH/RepairComp/blob/main/results/smartbugs/SmartFix/reentrancy/0x7541b76cb60f4c60af330c208b0623b7f54bf615/0x7541b76cb60f4c60af330c208b0623b7f54bf615.sol,https://github.com/smartbugs/smartbugs-curated/tree/main/dataset/reentrancy/0x7541b76cb60f4c60af330c208b0623b7f54bf615.sol,https://github.com/ASSERT-KTH/RepairComp/blob/main/results/smartbugs/SmartFix/reentrancy/0x7541b76cb60f4c60af330c208b0623b7f54bf615/0x7541b76cb60f4c60af330c208b0623b7f54bf615.diff,https://github.com/ASSERT-KTH/sb-heists/tree/main/smartbugs-curated/0.4.x/test/reentrancy/0x7541b76cb60f4c60af330c208b0623b7f54bf615_test.js
1281,0x7541b76cb60f4c60af330c208b0623b7f54bf615R1.sol,0x7541b76cb60f4c60af330c208b0623b7f54bf615.sol,reentrancy,TIPS,True,True,1.0,1.0,True,passed,yes,https://github.com/ASSERT-KTH/RepairComp/blob/main/results/smartbugs/TIPS/reentrancy/0x7541b76cb60f4c60af330c208b0623b7f54bf615/0x7541b76cb60f4c60af330c208b0623b7f54bf615R1.sol,https://github.com/smartbugs/smartbugs-curated/tree/main/dataset/reentrancy/0x7541b76cb60f4c60af330c208b0623b7f54bf615.sol,https://github.com/ASSERT-KTH/RepairComp/blob/main/results/smartbugs/TIPS/reentrancy/0x7541b76cb60f4c60af330c208b0623b7f54bf615/0x7541b76cb60f4c60af330c208b0623b7f54bf615R1.diff,https://github.com/ASSERT-KTH/sb-heists/tree/main/smartbugs-curated/0.4.x/test/reentrancy/0x7541b76cb60f4c60af330c208b0623b7f54bf615_test.js
297,0x7541b76cb60f4c60af330c208b0623b7f54bf615.sol,0x7541b76cb60f4c60af330c208b0623b7f54bf615.sol,reentrancy,sGuardPlus,True,True,1.0,1.0,True,passed,yes,https://github.com/ASSERT-KTH/RepairComp/blob/main/results/smartbugs/sGuardPlus/reentrancy/0x7541b76cb60f4c60af330c208b0623b7f54bf615/0x7541b76cb60f4c60af330c208b0623b7f54bf615.sol,https://github.com/smartbugs/smartbugs-curated/tree/main/dataset/reentrancy/0x7541b76cb60f4c60af330c208b0623b7f54bf615.sol,https://github.com/ASSERT-KTH/RepairComp/blob/main/results/smartbugs/sGuardPlus/reentrancy/0x7541b76cb60f4c60af330c208b0623b7f54bf615/0x7541b76cb60f4c60af330c208b0623b7f54bf615.diff,https://github.com/ASSERT-KTH/sb-heists/tree/main/smartbugs-curated/0.4.x/test/reentrancy/0x7541b76cb60f4c60af330c208b0623b7f54bf615_test.js
871,0x7a8721a9d64c74da899424c1b52acbf58ddc9782_1round.sol,0x7a8721a9d64c74da899424c1b52acbf58ddc9782.sol,reentrancy,SolGPT,True,True,1.0,1.0,True,passed,yes,https://github.com/ASSERT-KTH/RepairComp/blob/main/results/smartbugs/SolGPT/reentrancy/0x7a8721a9d64c74da899424c1b52acbf58ddc9782/0x7a8721a9d64c74da899424c1b52acbf58ddc9782_1round.sol,https://github.com/smartbugs/smartbugs-curated/tree/main/dataset/reentrancy/0x7a8721a9d64c74da899424c1b52acbf58ddc9782.sol,https://github.com/ASSERT-KTH/RepairComp/blob/main/results/smartbugs/SolGPT/reentrancy/0x7a8721a9d64c74da899424c1b52acbf58ddc9782/0x7a8721a9d64c74da899424c1b52acbf58ddc9782_1round.diff,https://github.com/ASSERT-KTH/sb-heists/tree/main/smartbugs-curated/0.4.x/test/reentrancy/0x7a8721a9d64c74da899424c1b52acbf58ddc9782_test.js
872,0x7a8721a9d64c74da899424c1b52acbf58ddc9782_4round.sol,0x7a8721a9d64c74da899424c1b52acbf58ddc9782.sol,reentrancy,SolGPT,True,True,1.0,1.0,True,passed,yes,https://github.com/ASSERT-KTH/RepairComp/blob/main/results/smartbugs/SolGPT/reentrancy/0x7a8721a9d64c74da899424c1b52acbf58ddc9782/0x7a8721a9d64c74da899424c1b52acbf58ddc9782_4round.sol,https://github.com/smartbugs/smartbugs-curated/tree/main/dataset/reentrancy/0x7a8721a9d64c74da899424c1b52acbf58ddc9782.sol,https://github.com/ASSERT-KTH/RepairComp/blob/main/results/smartbugs/SolGPT/reentrancy/0x7a8721a9d64c74da899424c1b52acbf58ddc9782/0x7a8721a9d64c74da899424c1b52acbf58ddc9782_4round.diff,https://github.com/ASSERT-KTH/sb-heists/tree/main/smartbugs-curated/0.4.x/test/reentrancy/0x7a8721a9d64c74da899424c1b52acbf58ddc9782_test.js
873,0x7a8721a9d64c74da899424c1b52acbf58ddc9782_2round.sol,0x7a8721a9d64c74da899424c1b52acbf58ddc9782.sol,reentrancy,SolGPT,True,True,1.0,1.0,True,passed,yes,https://github.com/ASSERT-KTH/RepairComp/blob/main/results/smartbugs/SolGPT/reentrancy/0x7a8721a9d64c74da899424c1b52acbf58ddc9782/0x7a8721a9d64c74da899424c1b52acbf58ddc9782_2round.sol,https://github.com/smartbugs/smartbugs-curated/tree/main/dataset/reentrancy/0x7a8721a9d64c74da899424c1b52acbf58ddc9782.sol,https://github.com/ASSERT-KTH/RepairComp/blob/main/results/smartbugs/SolGPT/reentrancy/0x7a8721a9d64c74da899424c1b52acbf58ddc9782/0x7a8721a9d64c74da899424c1b52acbf58ddc9782_2round.diff,https://github.com/ASSERT-KTH/sb-heists/tree/main/smartbugs-curated/0.4.x/test/reentrancy/0x7a8721a9d64c74da899424c1b52acbf58ddc9782_test.js
874,0x7a8721a9d64c74da899424c1b52acbf58ddc9782_3round.sol,0x7a8721a9d64c74da899424c1b52acbf58ddc9782.sol,reentrancy,SolGPT,True,True,1.0,1.0,True,passed,yes,https://github.com/ASSERT-KTH/RepairComp/blob/main/results/smartbugs/SolGPT/reentrancy/0x7a8721a9d64c74da899424c1b52acbf58ddc9782/0x7a8721a9d64c74da899424c1b52acbf58ddc9782_3round.sol,https://github.com/smartbugs/smartbugs-curated/tree/main/dataset/reentrancy/0x7a8721a9d64c74da899424c1b52acbf58ddc9782.sol,https://github.com/ASSERT-KTH/RepairComp/blob/main/results/smartbugs/SolGPT/reentrancy/0x7a8721a9d64c74da899424c1b52acbf58ddc9782/0x7a8721a9d64c74da899424c1b52acbf58ddc9782_3round.diff,https://github.com/ASSERT-KTH/sb-heists/tree/main/smartbugs-curated/0.4.x/test/reentrancy/0x7a8721a9d64c74da899424c1b52acbf58ddc9782_test.js
354,0x7a8721a9d64c74da899424c1b52acbf58ddc9782.sol,0x7a8721a9d64c74da899424c1b52acbf58ddc9782.sol,reentrancy,SmartFix,True,True,1.0,1.0,True,passed,yes,https://github.com/ASSERT-KTH/RepairComp/blob/main/results/smartbugs/SmartFix/reentrancy/0x7a8721a9d64c74da899424c1b52acbf58ddc9782/0x7a8721a9d64c74da899424c1b52acbf58ddc9782.sol,https://github.com/smartbugs/smartbugs-curated/tree/main/dataset/reentrancy/0x7a8721a9d64c74da899424c1b52acbf58ddc9782.sol,https://github.com/ASSERT-KTH/RepairComp/blob/main/results/smartbugs/SmartFix/reentrancy/0x7a8721a9d64c74da899424c1b52acbf58ddc9782/0x7a8721a9d64c74da899424c1b52acbf58ddc9782.diff,https://github.com/ASSERT-KTH/sb-heists/tree/main/smartbugs-curated/0.4.x/test/reentrancy/0x7a8721a9d64c74da899424c1b52acbf58ddc9782_test.js
1240,0x7a8721a9d64c74da899424c1b52acbf58ddc9782R1.sol,0x7a8721a9d64c74da899424c1b52acbf58ddc9782.sol,reentrancy,TIPS,True,True,1.0,1.0,True,passed,yes,https://github.com/ASSERT-KTH/RepairComp/blob/main/results/smartbugs/TIPS/reentrancy/0x7a8721a9d64c74da899424c1b52acbf58ddc9782/0x7a8721a9d64c74da899424c1b52acbf58ddc9782R1.sol,https://github.com/smartbugs/smartbugs-curated/tree/main/dataset/reentrancy/0x7a8721a9d64c74da899424c1b52acbf58ddc9782.sol,https://github.com/ASSERT-KTH/RepairComp/blob/main/results/smartbugs/TIPS/reentrancy/0x7a8721a9d64c74da899424c1b52acbf58ddc9782/0x7a8721a9d64c74da899424c1b52acbf58ddc9782R1.diff,https://github.com/ASSERT-KTH/sb-heists/tree/main/smartbugs-curated/0.4.x/test/reentrancy/0x7a8721a9d64c74da899424c1b52acbf58ddc9782_test.js
278,0x7a8721a9d64c74da899424c1b52acbf58ddc9782.sol,0x7a8721a9d64c74da899424c1b52acbf58ddc9782.sol,reentrancy,sGuardPlus,True,True,1.0,1.0,True,passed,yes,https://github.com/ASSERT-KTH/RepairComp/blob/main/results/smartbugs/sGuardPlus/reentrancy/0x7a8721a9d64c74da899424c1b52acbf58ddc9782/0x7a8721a9d64c74da899424c1b52acbf58ddc9782.sol,https://github.com/smartbugs/smartbugs-curated/tree/main/dataset/reentrancy/0x7a8721a9d64c74da899424c1b52acbf58ddc9782.sol,https://github.com/ASSERT-KTH/RepairComp/blob/main/results/smartbugs/sGuardPlus/reentrancy/0x7a8721a9d64c74da899424c1b52acbf58ddc9782/0x7a8721a9d64c74da899424c1b52acbf58ddc9782.diff,https://github.com/ASSERT-KTH/sb-heists/tree/main/smartbugs-curated/0.4.x/test/reentrancy/0x7a8721a9d64c74da899424c1b52acbf58ddc9782_test.js
939,0x7b368c4e805c3870b6c49a3f1f49f69af8662cf3_4round.sol,0x7b368c4e805c3870b6c49a3f1f49f69af8662cf3.sol,reentrancy,SolGPT,True,True,1.0,1.0,True,passed,yes,https://github.com/ASSERT-KTH/RepairComp/blob/main/results/smartbugs/SolGPT/reentrancy/0x7b368c4e805c3870b6c49a3f1f49f69af8662cf3/0x7b368c4e805c3870b6c49a3f1f49f69af8662cf3_4round.sol,https://github.com/smartbugs/smartbugs-curated/tree/main/dataset/reentrancy/0x7b368c4e805c3870b6c49a3f1f49f69af8662cf3.sol,https://github.com/ASSERT-KTH/RepairComp/blob/main/results/smartbugs/SolGPT/reentrancy/0x7b368c4e805c3870b6c49a3f1f49f69af8662cf3/0x7b368c4e805c3870b6c49a3f1f49f69af8662cf3_4round.diff,https://github.com/ASSERT-KTH/sb-heists/tree/main/smartbugs-curated/0.4.x/test/reentrancy/0x7b368c4e805c3870b6c49a3f1f49f69af8662cf3_test.js
940,0x7b368c4e805c3870b6c49a3f1f49f69af8662cf3_1round.sol,0x7b368c4e805c3870b6c49a3f1f49f69af8662cf3.sol,reentrancy,SolGPT,True,True,1.0,1.0,True,passed,yes,https://github.com/ASSERT-KTH/RepairComp/blob/main/results/smartbugs/SolGPT/reentrancy/0x7b368c4e805c3870b6c49a3f1f49f69af8662cf3/0x7b368c4e805c3870b6c49a3f1f49f69af8662cf3_1round.sol,https://github.com/smartbugs/smartbugs-curated/tree/main/dataset/reentrancy/0x7b368c4e805c3870b6c49a3f1f49f69af8662cf3.sol,https://github.com/ASSERT-KTH/RepairComp/blob/main/results/smartbugs/SolGPT/reentrancy/0x7b368c4e805c3870b6c49a3f1f49f69af8662cf3/0x7b368c4e805c3870b6c49a3f1f49f69af8662cf3_1round.diff,https://github.com/ASSERT-KTH/sb-heists/tree/main/smartbugs-curated/0.4.x/test/reentrancy/0x7b368c4e805c3870b6c49a3f1f49f69af8662cf3_test.js
941,0x7b368c4e805c3870b6c49a3f1f49f69af8662cf3_3round.sol,0x7b368c4e805c3870b6c49a3f1f49f69af8662cf3.sol,reentrancy,SolGPT,True,True,1.0,1.0,True,passed,yes,https://github.com/ASSERT-KTH/RepairComp/blob/main/results/smartbugs/SolGPT/reentrancy/0x7b368c4e805c3870b6c49a3f1f49f69af8662cf3/0x7b368c4e805c3870b6c49a3f1f49f69af8662cf3_3round.sol,https://github.com/smartbugs/smartbugs-curated/tree/main/dataset/reentrancy/0x7b368c4e805c3870b6c49a3f1f49f69af8662cf3.sol,https://github.com/ASSERT-KTH/RepairComp/blob/main/results/smartbugs/SolGPT/reentrancy/0x7b368c4e805c3870b6c49a3f1f49f69af8662cf3/0x7b368c4e805c3870b6c49a3f1f49f69af8662cf3_3round.diff,https://github.com/ASSERT-KTH/sb-heists/tree/main/smartbugs-curated/0.4.x/test/reentrancy/0x7b368c4e805c3870b6c49a3f1f49f69af8662cf3_test.js
942,0x7b368c4e805c3870b6c49a3f1f49f69af8662cf3_2round.sol,0x7b368c4e805c3870b6c49a3f1f49f69af8662cf3.sol,reentrancy,SolGPT,True,True,1.0,1.0,True,passed,yes,https://github.com/ASSERT-KTH/RepairComp/blob/main/results/smartbugs/SolGPT/reentrancy/0x7b368c4e805c3870b6c49a3f1f49f69af8662cf3/0x7b368c4e805c3870b6c49a3f1f49f69af8662cf3_2round.sol,https://github.com/smartbugs/smartbugs-curated/tree/main/dataset/reentrancy/0x7b368c4e805c3870b6c49a3f1f49f69af8662cf3.sol,https://github.com/ASSERT-KTH/RepairComp/blob/main/results/smartbugs/SolGPT/reentrancy/0x7b368c4e805c3870b6c49a3f1f49f69af8662cf3/0x7b368c4e805c3870b6c49a3f1f49f69af8662cf3_2round.diff,https://github.com/ASSERT-KTH/sb-heists/tree/main/smartbugs-curated/0.4.x/test/reentrancy/0x7b368c4e805c3870b6c49a3f1f49f69af8662cf3_test.js
368,0x7b368c4e805c3870b6c49a3f1f49f69af8662cf3.sol,0x7b368c4e805c3870b6c49a3f1f49f69af8662cf3.sol,reentrancy,SmartFix,True,True,1.0,1.0,True,passed,yes,https://github.com/ASSERT-KTH/RepairComp/blob/main/results/smartbugs/SmartFix/reentrancy/0x7b368c4e805c3870b6c49a3f1f49f69af8662cf3/0x7b368c4e805c3870b6c49a3f1f49f69af8662cf3.sol,https://github.com/smartbugs/smartbugs-curated/tree/main/dataset/reentrancy/0x7b368c4e805c3870b6c49a3f1f49f69af8662cf3.sol,https://github.com/ASSERT-KTH/RepairComp/blob/main/results/smartbugs/SmartFix/reentrancy/0x7b368c4e805c3870b6c49a3f1f49f69af8662cf3/0x7b368c4e805c3870b6c49a3f1f49f69af8662cf3.diff,https://github.com/ASSERT-KTH/sb-heists/tree/main/smartbugs-curated/0.4.x/test/reentrancy/0x7b368c4e805c3870b6c49a3f1f49f69af8662cf3_test.js
1274,0x7b368c4e805c3870b6c49a3f1f49f69af8662cf3R1.sol,0x7b368c4e805c3870b6c49a3f1f49f69af8662cf3.sol,reentrancy,TIPS,True,True,1.0,1.0,True,passed,yes,https://github.com/ASSERT-KTH/RepairComp/blob/main/results/smartbugs/TIPS/reentrancy/0x7b368c4e805c3870b6c49a3f1f49f69af8662cf3/0x7b368c4e805c3870b6c49a3f1f49f69af8662cf3R1.sol,https://github.com/smartbugs/smartbugs-curated/tree/main/dataset/reentrancy/0x7b368c4e805c3870b6c49a3f1f49f69af8662cf3.sol,https://github.com/ASSERT-KTH/RepairComp/blob/main/results/smartbugs/TIPS/reentrancy/0x7b368c4e805c3870b6c49a3f1f49f69af8662cf3/0x7b368c4e805c3870b6c49a3f1f49f69af8662cf3R1.diff,https://github.com/ASSERT-KTH/sb-heists/tree/main/smartbugs-curated/0.4.x/test/reentrancy/0x7b368c4e805c3870b6c49a3f1f49f69af8662cf3_test.js
294,0x7b368c4e805c3870b6c49a3f1f49f69af8662cf3.sol,0x7b368c4e805c3870b6c49a3f1f49f69af8662cf3.sol,reentrancy,sGuardPlus,True,True,1.0,1.0,True,passed,yes,https://github.com/ASSERT-KTH/RepairComp/blob/main/results/smartbugs/sGuardPlus/reentrancy/0x7b368c4e805c3870b6c49a3f1f49f69af8662cf3/0x7b368c4e805c3870b6c49a3f1f49f69af8662cf3.sol,https://github.com/smartbugs/smartbugs-curated/tree/main/dataset/reentrancy/0x7b368c4e805c3870b6c49a3f1f49f69af8662cf3.sol,https://github.com/ASSERT-KTH/RepairComp/blob/main/results/smartbugs/sGuardPlus/reentrancy/0x7b368c4e805c3870b6c49a3f1f49f69af8662cf3/0x7b368c4e805c3870b6c49a3f1f49f69af8662cf3.diff,https://github.com/ASSERT-KTH/sb-heists/tree/main/smartbugs-curated/0.4.x/test/reentrancy/0x7b368c4e805c3870b6c49a3f1f49f69af8662cf3_test.js
923,0x8c7777c45481dba411450c228cb692ac3d550344_1round.sol,0x8c7777c45481dba411450c228cb692ac3d550344.sol,reentrancy,SolGPT,True,True,1.0,1.0,True,passed,yes,https://github.com/ASSERT-KTH/RepairComp/blob/main/results/smartbugs/SolGPT/reentrancy/0x8c7777c45481dba411450c228cb692ac3d550344/0x8c7777c45481dba411450c228cb692ac3d550344_1round.sol,https://github.com/smartbugs/smartbugs-curated/tree/main/dataset/reentrancy/0x8c7777c45481dba411450c228cb692ac3d550344.sol,https://github.com/ASSERT-KTH/RepairComp/blob/main/results/smartbugs/SolGPT/reentrancy/0x8c7777c45481dba411450c228cb692ac3d550344/0x8c7777c45481dba411450c228cb692ac3d550344_1round.diff,https://github.com/ASSERT-KTH/sb-heists/tree/main/smartbugs-curated/0.4.x/test/reentrancy/0x8c7777c45481dba411450c228cb692ac3d550344_test.js
924,0x8c7777c45481dba411450c228cb692ac3d550344_4round.sol,0x8c7777c45481dba411450c228cb692ac3d550344.sol,reentrancy,SolGPT,True,True,1.0,1.0,True,passed,yes,https://github.com/ASSERT-KTH/RepairComp/blob/main/results/smartbugs/SolGPT/reentrancy/0x8c7777c45481dba411450c228cb692ac3d550344/0x8c7777c45481dba411450c228cb692ac3d550344_4round.sol,https://github.com/smartbugs/smartbugs-curated/tree/main/dataset/reentrancy/0x8c7777c45481dba411450c228cb692ac3d550344.sol,https://github.com/ASSERT-KTH/RepairComp/blob/main/results/smartbugs/SolGPT/reentrancy/0x8c7777c45481dba411450c228cb692ac3d550344/0x8c7777c45481dba411450c228cb692ac3d550344_4round.diff,https://github.com/ASSERT-KTH/sb-heists/tree/main/smartbugs-curated/0.4.x/test/reentrancy/0x8c7777c45481dba411450c228cb692ac3d550344_test.js
925,0x8c7777c45481dba411450c228cb692ac3d550344_2round.sol,0x8c7777c45481dba411450c228cb692ac3d550344.sol,reentrancy,SolGPT,True,True,1.0,1.0,True,passed,yes,https://github.com/ASSERT-KTH/RepairComp/blob/main/results/smartbugs/SolGPT/reentrancy/0x8c7777c45481dba411450c228cb692ac3d550344/0x8c7777c45481dba411450c228cb692ac3d550344_2round.sol,https://github.com/smartbugs/smartbugs-curated/tree/main/dataset/reentrancy/0x8c7777c45481dba411450c228cb692ac3d550344.sol,https://github.com/ASSERT-KTH/RepairComp/blob/main/results/smartbugs/SolGPT/reentrancy/0x8c7777c45481dba411450c228cb692ac3d550344/0x8c7777c45481dba411450c228cb692ac3d550344_2round.diff,https://github.com/ASSERT-KTH/sb-heists/tree/main/smartbugs-curated/0.4.x/test/reentrancy/0x8c7777c45481dba411450c228cb692ac3d550344_test.js
926,0x8c7777c45481dba411450c228cb692ac3d550344_3round.sol,0x8c7777c45481dba411450c228cb692ac3d550344.sol,reentrancy,SolGPT,True,True,1.0,1.0,True,passed,yes,https://github.com/ASSERT-KTH/RepairComp/blob/main/results/smartbugs/SolGPT/reentrancy/0x8c7777c45481dba411450c228cb692ac3d550344/0x8c7777c45481dba411450c228cb692ac3d550344_3round.sol,https://github.com/smartbugs/smartbugs-curated/tree/main/dataset/reentrancy/0x8c7777c45481dba411450c228cb692ac3d550344.sol,https://github.com/ASSERT-KTH/RepairComp/blob/main/results/smartbugs/SolGPT/reentrancy/0x8c7777c45481dba411450c228cb692ac3d550344/0x8c7777c45481dba411450c228cb692ac3d550344_3round.diff,https://github.com/ASSERT-KTH/sb-heists/tree/main/smartbugs-curated/0.4.x/test/reentrancy/0x8c7777c45481dba411450c228cb692ac3d550344_test.js
364,0x8c7777c45481dba411450c228cb692ac3d550344.sol,0x8c7777c45481dba411450c228cb692ac3d550344.sol,reentrancy,SmartFix,True,True,1.0,1.0,True,passed,yes,https://github.com/ASSERT-KTH/RepairComp/blob/main/results/smartbugs/SmartFix/reentrancy/0x8c7777c45481dba411450c228cb692ac3d550344/0x8c7777c45481dba411450c228cb692ac3d550344.sol,https://github.com/smartbugs/smartbugs-curated/tree/main/dataset/reentrancy/0x8c7777c45481dba411450c228cb692ac3d550344.sol,https://github.com/ASSERT-KTH/RepairComp/blob/main/results/smartbugs/SmartFix/reentrancy/0x8c7777c45481dba411450c228cb692ac3d550344/0x8c7777c45481dba411450c228cb692ac3d550344.diff,https://github.com/ASSERT-KTH/sb-heists/tree/main/smartbugs-curated/0.4.x/test/reentrancy/0x8c7777c45481dba411450c228cb692ac3d550344_test.js
1266,0x8c7777c45481dba411450c228cb692ac3d550344R1.sol,0x8c7777c45481dba411450c228cb692ac3d550344.sol,reentrancy,TIPS,True,True,1.0,1.0,True,passed,yes,https://github.com/ASSERT-KTH/RepairComp/blob/main/results/smartbugs/TIPS/reentrancy/0x8c7777c45481dba411450c228cb692ac3d550344/0x8c7777c45481dba411450c228cb692ac3d550344R1.sol,https://github.com/smartbugs/smartbugs-curated/tree/main/dataset/reentrancy/0x8c7777c45481dba411450c228cb692ac3d550344.sol,https://github.com/ASSERT-KTH/RepairComp/blob/main/results/smartbugs/TIPS/reentrancy/0x8c7777c45481dba411450c228cb692ac3d550344/0x8c7777c45481dba411450c228cb692ac3d550344R1.diff,https://github.com/ASSERT-KTH/sb-heists/tree/main/smartbugs-curated/0.4.x/test/reentrancy/0x8c7777c45481dba411450c228cb692ac3d550344_test.js
290,0x8c7777c45481dba411450c228cb692ac3d550344.sol,0x8c7777c45481dba411450c228cb692ac3d550344.sol,reentrancy,sGuardPlus,True,True,1.0,1.0,True,passed,yes,https://github.com/ASSERT-KTH/RepairComp/blob/main/results/smartbugs/sGuardPlus/reentrancy/0x8c7777c45481dba411450c228cb692ac3d550344/0x8c7777c45481dba411450c228cb692ac3d550344.sol,https://github.com/smartbugs/smartbugs-curated/tree/main/dataset/reentrancy/0x8c7777c45481dba411450c228cb692ac3d550344.sol,https://github.com/ASSERT-KTH/RepairComp/blob/main/results/smartbugs/sGuardPlus/reentrancy/0x8c7777c45481dba411450c228cb692ac3d550344/0x8c7777c45481dba411450c228cb692ac3d550344.diff,https://github.com/ASSERT-KTH/sb-heists/tree/main/smartbugs-curated/0.4.x/test/reentrancy/0x8c7777c45481dba411450c228cb692ac3d550344_test.js
867,0x93c32845fae42c83a70e5f06214c8433665c2ab5_3round.sol,0x93c32845fae42c83a70e5f06214c8433665c2ab5.sol,reentrancy,SolGPT,True,True,1.0,1.0,True,passed,yes,https://github.com/ASSERT-KTH/RepairComp/blob/main/results/smartbugs/SolGPT/reentrancy/0x93c32845fae42c83a70e5f06214c8433665c2ab5/0x93c32845fae42c83a70e5f06214c8433665c2ab5_3round.sol,https://github.com/smartbugs/smartbugs-curated/tree/main/dataset/reentrancy/0x93c32845fae42c83a70e5f06214c8433665c2ab5.sol,https://github.com/ASSERT-KTH/RepairComp/blob/main/results/smartbugs/SolGPT/reentrancy/0x93c32845fae42c83a70e5f06214c8433665c2ab5/0x93c32845fae42c83a70e5f06214c8433665c2ab5_3round.diff,https://github.com/ASSERT-KTH/sb-heists/tree/main/smartbugs-curated/0.4.x/test/reentrancy/0x93c32845fae42c83a70e5f06214c8433665c2ab5_test.js
868,0x93c32845fae42c83a70e5f06214c8433665c2ab5_1round.sol,0x93c32845fae42c83a70e5f06214c8433665c2ab5.sol,reentrancy,SolGPT,True,True,1.0,1.0,True,passed,yes,https://github.com/ASSERT-KTH/RepairComp/blob/main/results/smartbugs/SolGPT/reentrancy/0x93c32845fae42c83a70e5f06214c8433665c2ab5/0x93c32845fae42c83a70e5f06214c8433665c2ab5_1round.sol,https://github.com/smartbugs/smartbugs-curated/tree/main/dataset/reentrancy/0x93c32845fae42c83a70e5f06214c8433665c2ab5.sol,https://github.com/ASSERT-KTH/RepairComp/blob/main/results/smartbugs/SolGPT/reentrancy/0x93c32845fae42c83a70e5f06214c8433665c2ab5/0x93c32845fae42c83a70e5f06214c8433665c2ab5_1round.diff,https://github.com/ASSERT-KTH/sb-heists/tree/main/smartbugs-curated/0.4.x/test/reentrancy/0x93c32845fae42c83a70e5f06214c8433665c2ab5_test.js
869,0x93c32845fae42c83a70e5f06214c8433665c2ab5_2round.sol,0x93c32845fae42c83a70e5f06214c8433665c2ab5.sol,reentrancy,SolGPT,True,True,1.0,1.0,True,passed,yes,https://github.com/ASSERT-KTH/RepairComp/blob/main/results/smartbugs/SolGPT/reentrancy/0x93c32845fae42c83a70e5f06214c8433665c2ab5/0x93c32845fae42c83a70e5f06214c8433665c2ab5_2round.sol,https://github.com/smartbugs/smartbugs-curated/tree/main/dataset/reentrancy/0x93c32845fae42c83a70e5f06214c8433665c2ab5.sol,https://github.com/ASSERT-KTH/RepairComp/blob/main/results/smartbugs/SolGPT/reentrancy/0x93c32845fae42c83a70e5f06214c8433665c2ab5/0x93c32845fae42c83a70e5f06214c8433665c2ab5_2round.diff,https://github.com/ASSERT-KTH/sb-heists/tree/main/smartbugs-curated/0.4.x/test/reentrancy/0x93c32845fae42c83a70e5f06214c8433665c2ab5_test.js
870,0x93c32845fae42c83a70e5f06214c8433665c2ab5_4round.sol,0x93c32845fae42c83a70e5f06214c8433665c2ab5.sol,reentrancy,SolGPT,True,True,1.0,1.0,True,passed,yes,https://github.com/ASSERT-KTH/RepairComp/blob/main/results/smartbugs/SolGPT/reentrancy/0x93c32845fae42c83a70e5f06214c8433665c2ab5/0x93c32845fae42c83a70e5f06214c8433665c2ab5_4round.sol,https://github.com/smartbugs/smartbugs-curated/tree/main/dataset/reentrancy/0x93c32845fae42c83a70e5f06214c8433665c2ab5.sol,https://github.com/ASSERT-KTH/RepairComp/blob/main/results/smartbugs/SolGPT/reentrancy/0x93c32845fae42c83a70e5f06214c8433665c2ab5/0x93c32845fae42c83a70e5f06214c8433665c2ab5_4round.diff,https://github.com/ASSERT-KTH/sb-heists/tree/main/smartbugs-curated/0.4.x/test/reentrancy/0x93c32845fae42c83a70e5f06214c8433665c2ab5_test.js
353,0x93c32845fae42c83a70e5f06214c8433665c2ab5.sol,0x93c32845fae42c83a70e5f06214c8433665c2ab5.sol,reentrancy,SmartFix,True,True,1.0,1.0,True,passed,yes,https://github.com/ASSERT-KTH/RepairComp/blob/main/results/smartbugs/SmartFix/reentrancy/0x93c32845fae42c83a70e5f06214c8433665c2ab5/0x93c32845fae42c83a70e5f06214c8433665c2ab5.sol,https://github.com/smartbugs/smartbugs-curated/tree/main/dataset/reentrancy/0x93c32845fae42c83a70e5f06214c8433665c2ab5.sol,https://github.com/ASSERT-KTH/RepairComp/blob/main/results/smartbugs/SmartFix/reentrancy/0x93c32845fae42c83a70e5f06214c8433665c2ab5/0x93c32845fae42c83a70e5f06214c8433665c2ab5.diff,https://github.com/ASSERT-KTH/sb-heists/tree/main/smartbugs-curated/0.4.x/test/reentrancy/0x93c32845fae42c83a70e5f06214c8433665c2ab5_test.js
1239,0x93c32845fae42c83a70e5f06214c8433665c2ab5R1.sol,0x93c32845fae42c83a70e5f06214c8433665c2ab5.sol,reentrancy,TIPS,True,True,1.0,1.0,True,passed,yes,https://github.com/ASSERT-KTH/RepairComp/blob/main/results/smartbugs/TIPS/reentrancy/0x93c32845fae42c83a70e5f06214c8433665c2ab5/0x93c32845fae42c83a70e5f06214c8433665c2ab5R1.sol,https://github.com/smartbugs/smartbugs-curated/tree/main/dataset/reentrancy/0x93c32845fae42c83a70e5f06214c8433665c2ab5.sol,https://github.com/ASSERT-KTH/RepairComp/blob/main/results/smartbugs/TIPS/reentrancy/0x93c32845fae42c83a70e5f06214c8433665c2ab5/0x93c32845fae42c83a70e5f06214c8433665c2ab5R1.diff,https://github.com/ASSERT-KTH/sb-heists/tree/main/smartbugs-curated/0.4.x/test/reentrancy/0x93c32845fae42c83a70e5f06214c8433665c2ab5_test.js
277,0x93c32845fae42c83a70e5f06214c8433665c2ab5.sol,0x93c32845fae42c83a70e5f06214c8433665c2ab5.sol,reentrancy,sGuardPlus,True,True,1.0,1.0,True,passed,yes,https://github.com/ASSERT-KTH/RepairComp/blob/main/results/smartbugs/sGuardPlus/reentrancy/0x93c32845fae42c83a70e5f06214c8433665c2ab5/0x93c32845fae42c83a70e5f06214c8433665c2ab5.sol,https://github.com/smartbugs/smartbugs-curated/tree/main/dataset/reentrancy/0x93c32845fae42c83a70e5f06214c8433665c2ab5.sol,https://github.com/ASSERT-KTH/RepairComp/blob/main/results/smartbugs/sGuardPlus/reentrancy/0x93c32845fae42c83a70e5f06214c8433665c2ab5/0x93c32845fae42c83a70e5f06214c8433665c2ab5.diff,https://github.com/ASSERT-KTH/sb-heists/tree/main/smartbugs-curated/0.4.x/test/reentrancy/0x93c32845fae42c83a70e5f06214c8433665c2ab5_test.js
915,0x941d225236464a25eb18076df7da6a91d0f95e9e_2round.sol,0x941d225236464a25eb18076df7da6a91d0f95e9e.sol,reentrancy,SolGPT,True,True,1.0,1.0,True,passed,yes,https://github.com/ASSERT-KTH/RepairComp/blob/main/results/smartbugs/SolGPT/reentrancy/0x941d225236464a25eb18076df7da6a91d0f95e9e/0x941d225236464a25eb18076df7da6a91d0f95e9e_2round.sol,https://github.com/smartbugs/smartbugs-curated/tree/main/dataset/reentrancy/0x941d225236464a25eb18076df7da6a91d0f95e9e.sol,https://github.com/ASSERT-KTH/RepairComp/blob/main/results/smartbugs/SolGPT/reentrancy/0x941d225236464a25eb18076df7da6a91d0f95e9e/0x941d225236464a25eb18076df7da6a91d0f95e9e_2round.diff,https://github.com/ASSERT-KTH/sb-heists/tree/main/smartbugs-curated/0.4.x/test/reentrancy/0x941d225236464a25eb18076df7da6a91d0f95e9e_test.js
916,0x941d225236464a25eb18076df7da6a91d0f95e9e_3round.sol,0x941d225236464a25eb18076df7da6a91d0f95e9e.sol,reentrancy,SolGPT,True,True,1.0,1.0,True,passed,yes,https://github.com/ASSERT-KTH/RepairComp/blob/main/results/smartbugs/SolGPT/reentrancy/0x941d225236464a25eb18076df7da6a91d0f95e9e/0x941d225236464a25eb18076df7da6a91d0f95e9e_3round.sol,https://github.com/smartbugs/smartbugs-curated/tree/main/dataset/reentrancy/0x941d225236464a25eb18076df7da6a91d0f95e9e.sol,https://github.com/ASSERT-KTH/RepairComp/blob/main/results/smartbugs/SolGPT/reentrancy/0x941d225236464a25eb18076df7da6a91d0f95e9e/0x941d225236464a25eb18076df7da6a91d0f95e9e_3round.diff,https://github.com/ASSERT-KTH/sb-heists/tree/main/smartbugs-curated/0.4.x/test/reentrancy/0x941d225236464a25eb18076df7da6a91d0f95e9e_test.js
917,0x941d225236464a25eb18076df7da6a91d0f95e9e_4round.sol,0x941d225236464a25eb18076df7da6a91d0f95e9e.sol,reentrancy,SolGPT,True,True,1.0,1.0,True,passed,yes,https://github.com/ASSERT-KTH/RepairComp/blob/main/results/smartbugs/SolGPT/reentrancy/0x941d225236464a25eb18076df7da6a91d0f95e9e/0x941d225236464a25eb18076df7da6a91d0f95e9e_4round.sol,https://github.com/smartbugs/smartbugs-curated/tree/main/dataset/reentrancy/0x941d225236464a25eb18076df7da6a91d0f95e9e.sol,https://github.com/ASSERT-KTH/RepairComp/blob/main/results/smartbugs/SolGPT/reentrancy/0x941d225236464a25eb18076df7da6a91d0f95e9e/0x941d225236464a25eb18076df7da6a91d0f95e9e_4round.diff,https://github.com/ASSERT-KTH/sb-heists/tree/main/smartbugs-curated/0.4.x/test/reentrancy/0x941d225236464a25eb18076df7da6a91d0f95e9e_test.js
918,0x941d225236464a25eb18076df7da6a91d0f95e9e_1round.sol,0x941d225236464a25eb18076df7da6a91d0f95e9e.sol,reentrancy,SolGPT,True,True,1.0,1.0,True,passed,yes,https://github.com/ASSERT-KTH/RepairComp/blob/main/results/smartbugs/SolGPT/reentrancy/0x941d225236464a25eb18076df7da6a91d0f95e9e/0x941d225236464a25eb18076df7da6a91d0f95e9e_1round.sol,https://github.com/smartbugs/smartbugs-curated/tree/main/dataset/reentrancy/0x941d225236464a25eb18076df7da6a91d0f95e9e.sol,https://github.com/ASSERT-KTH/RepairComp/blob/main/results/smartbugs/SolGPT/reentrancy/0x941d225236464a25eb18076df7da6a91d0f95e9e/0x941d225236464a25eb18076df7da6a91d0f95e9e_1round.diff,https://github.com/ASSERT-KTH/sb-heists/tree/main/smartbugs-curated/0.4.x/test/reentrancy/0x941d225236464a25eb18076df7da6a91d0f95e9e_test.js
363,0x941d225236464a25eb18076df7da6a91d0f95e9e.sol,0x941d225236464a25eb18076df7da6a91d0f95e9e.sol,reentrancy,SmartFix,True,True,1.0,1.0,True,passed,yes,https://github.com/ASSERT-KTH/RepairComp/blob/main/results/smartbugs/SmartFix/reentrancy/0x941d225236464a25eb18076df7da6a91d0f95e9e/0x941d225236464a25eb18076df7da6a91d0f95e9e.sol,https://github.com/smartbugs/smartbugs-curated/tree/main/dataset/reentrancy/0x941d225236464a25eb18076df7da6a91d0f95e9e.sol,https://github.com/ASSERT-KTH/RepairComp/blob/main/results/smartbugs/SmartFix/reentrancy/0x941d225236464a25eb18076df7da6a91d0f95e9e/0x941d225236464a25eb18076df7da6a91d0f95e9e.diff,https://github.com/ASSERT-KTH/sb-heists/tree/main/smartbugs-curated/0.4.x/test/reentrancy/0x941d225236464a25eb18076df7da6a91d0f95e9e_test.js
1263,0x941d225236464a25eb18076df7da6a91d0f95e9eR1.sol,0x941d225236464a25eb18076df7da6a91d0f95e9e.sol,reentrancy,TIPS,True,True,1.0,1.0,True,passed,yes,https://github.com/ASSERT-KTH/RepairComp/blob/main/results/smartbugs/TIPS/reentrancy/0x941d225236464a25eb18076df7da6a91d0f95e9e/0x941d225236464a25eb18076df7da6a91d0f95e9eR1.sol,https://github.com/smartbugs/smartbugs-curated/tree/main/dataset/reentrancy/0x941d225236464a25eb18076df7da6a91d0f95e9e.sol,https://github.com/ASSERT-KTH/RepairComp/blob/main/results/smartbugs/TIPS/reentrancy/0x941d225236464a25eb18076df7da6a91d0f95e9e/0x941d225236464a25eb18076df7da6a91d0f95e9eR1.diff,https://github.com/ASSERT-KTH/sb-heists/tree/main/smartbugs-curated/0.4.x/test/reentrancy/0x941d225236464a25eb18076df7da6a91d0f95e9e_test.js
289,0x941d225236464a25eb18076df7da6a91d0f95e9e.sol,0x941d225236464a25eb18076df7da6a91d0f95e9e.sol,reentrancy,sGuardPlus,True,True,1.0,1.0,True,passed,yes,https://github.com/ASSERT-KTH/RepairComp/blob/main/results/smartbugs/sGuardPlus/reentrancy/0x941d225236464a25eb18076df7da6a91d0f95e9e/0x941d225236464a25eb18076df7da6a91d0f95e9e.sol,https://github.com/smartbugs/smartbugs-curated/tree/main/dataset/reentrancy/0x941d225236464a25eb18076df7da6a91d0f95e9e.sol,https://github.com/ASSERT-KTH/RepairComp/blob/main/results/smartbugs/sGuardPlus/reentrancy/0x941d225236464a25eb18076df7da6a91d0f95e9e/0x941d225236464a25eb18076df7da6a91d0f95e9e.diff,https://github.com/ASSERT-KTH/sb-heists/tree/main/smartbugs-curated/0.4.x/test/reentrancy/0x941d225236464a25eb18076df7da6a91d0f95e9e_test.js
879,0x96edbe868531bd23a6c05e9d0c424ea64fb1b78b_4round.sol,0x96edbe868531bd23a6c05e9d0c424ea64fb1b78b.sol,reentrancy,SolGPT,True,True,1.0,1.0,True,passed,yes,https://github.com/ASSERT-KTH/RepairComp/blob/main/results/smartbugs/SolGPT/reentrancy/0x96edbe868531bd23a6c05e9d0c424ea64fb1b78b/0x96edbe868531bd23a6c05e9d0c424ea64fb1b78b_4round.sol,https://github.com/smartbugs/smartbugs-curated/tree/main/dataset/reentrancy/0x96edbe868531bd23a6c05e9d0c424ea64fb1b78b.sol,https://github.com/ASSERT-KTH/RepairComp/blob/main/results/smartbugs/SolGPT/reentrancy/0x96edbe868531bd23a6c05e9d0c424ea64fb1b78b/0x96edbe868531bd23a6c05e9d0c424ea64fb1b78b_4round.diff,https://github.com/ASSERT-KTH/sb-heists/tree/main/smartbugs-curated/0.4.x/test/reentrancy/0x96edbe868531bd23a6c05e9d0c424ea64fb1b78b_test.js
881,0x96edbe868531bd23a6c05e9d0c424ea64fb1b78b_1round.sol,0x96edbe868531bd23a6c05e9d0c424ea64fb1b78b.sol,reentrancy,SolGPT,True,True,1.0,1.0,True,passed,yes,https://github.com/ASSERT-KTH/RepairComp/blob/main/results/smartbugs/SolGPT/reentrancy/0x96edbe868531bd23a6c05e9d0c424ea64fb1b78b/0x96edbe868531bd23a6c05e9d0c424ea64fb1b78b_1round.sol,https://github.com/smartbugs/smartbugs-curated/tree/main/dataset/reentrancy/0x96edbe868531bd23a6c05e9d0c424ea64fb1b78b.sol,https://github.com/ASSERT-KTH/RepairComp/blob/main/results/smartbugs/SolGPT/reentrancy/0x96edbe868531bd23a6c05e9d0c424ea64fb1b78b/0x96edbe868531bd23a6c05e9d0c424ea64fb1b78b_1round.diff,https://github.com/ASSERT-KTH/sb-heists/tree/main/smartbugs-curated/0.4.x/test/reentrancy/0x96edbe868531bd23a6c05e9d0c424ea64fb1b78b_test.js
882,0x96edbe868531bd23a6c05e9d0c424ea64fb1b78b_3round.sol,0x96edbe868531bd23a6c05e9d0c424ea64fb1b78b.sol,reentrancy,SolGPT,True,True,1.0,1.0,True,passed,yes,https://github.com/ASSERT-KTH/RepairComp/blob/main/results/smartbugs/SolGPT/reentrancy/0x96edbe868531bd23a6c05e9d0c424ea64fb1b78b/0x96edbe868531bd23a6c05e9d0c424ea64fb1b78b_3round.sol,https://github.com/smartbugs/smartbugs-curated/tree/main/dataset/reentrancy/0x96edbe868531bd23a6c05e9d0c424ea64fb1b78b.sol,https://github.com/ASSERT-KTH/RepairComp/blob/main/results/smartbugs/SolGPT/reentrancy/0x96edbe868531bd23a6c05e9d0c424ea64fb1b78b/0x96edbe868531bd23a6c05e9d0c424ea64fb1b78b_3round.diff,https://github.com/ASSERT-KTH/sb-heists/tree/main/smartbugs-curated/0.4.x/test/reentrancy/0x96edbe868531bd23a6c05e9d0c424ea64fb1b78b_test.js
880,0x96edbe868531bd23a6c05e9d0c424ea64fb1b78b_2round.sol,0x96edbe868531bd23a6c05e9d0c424ea64fb1b78b.sol,reentrancy,SolGPT,True,True,1.0,1.0,True,passed,yes,https://github.com/ASSERT-KTH/RepairComp/blob/main/results/smartbugs/SolGPT/reentrancy/0x96edbe868531bd23a6c05e9d0c424ea64fb1b78b/0x96edbe868531bd23a6c05e9d0c424ea64fb1b78b_2round.sol,https://github.com/smartbugs/smartbugs-curated/tree/main/dataset/reentrancy/0x96edbe868531bd23a6c05e9d0c424ea64fb1b78b.sol,https://github.com/ASSERT-KTH/RepairComp/blob/main/results/smartbugs/SolGPT/reentrancy/0x96edbe868531bd23a6c05e9d0c424ea64fb1b78b/0x96edbe868531bd23a6c05e9d0c424ea64fb1b78b_2round.diff,https://github.com/ASSERT-KTH/sb-heists/tree/main/smartbugs-curated/0.4.x/test/reentrancy/0x96edbe868531bd23a6c05e9d0c424ea64fb1b78b_test.js
355,0x96edbe868531bd23a6c05e9d0c424ea64fb1b78b.sol,0x96edbe868531bd23a6c05e9d0c424ea64fb1b78b.sol,reentrancy,SmartFix,True,True,1.0,1.0,True,passed,yes,https://github.com/ASSERT-KTH/RepairComp/blob/main/results/smartbugs/SmartFix/reentrancy/0x96edbe868531bd23a6c05e9d0c424ea64fb1b78b/0x96edbe868531bd23a6c05e9d0c424ea64fb1b78b.sol,https://github.com/smartbugs/smartbugs-curated/tree/main/dataset/reentrancy/0x96edbe868531bd23a6c05e9d0c424ea64fb1b78b.sol,https://github.com/ASSERT-KTH/RepairComp/blob/main/results/smartbugs/SmartFix/reentrancy/0x96edbe868531bd23a6c05e9d0c424ea64fb1b78b/0x96edbe868531bd23a6c05e9d0c424ea64fb1b78b.diff,https://github.com/ASSERT-KTH/sb-heists/tree/main/smartbugs-curated/0.4.x/test/reentrancy/0x96edbe868531bd23a6c05e9d0c424ea64fb1b78b_test.js
1244,0x96edbe868531bd23a6c05e9d0c424ea64fb1b78bR1.sol,0x96edbe868531bd23a6c05e9d0c424ea64fb1b78b.sol,reentrancy,TIPS,True,True,1.0,1.0,True,passed,yes,https://github.com/ASSERT-KTH/RepairComp/blob/main/results/smartbugs/TIPS/reentrancy/0x96edbe868531bd23a6c05e9d0c424ea64fb1b78b/0x96edbe868531bd23a6c05e9d0c424ea64fb1b78bR1.sol,https://github.com/smartbugs/smartbugs-curated/tree/main/dataset/reentrancy/0x96edbe868531bd23a6c05e9d0c424ea64fb1b78b.sol,https://github.com/ASSERT-KTH/RepairComp/blob/main/results/smartbugs/TIPS/reentrancy/0x96edbe868531bd23a6c05e9d0c424ea64fb1b78b/0x96edbe868531bd23a6c05e9d0c424ea64fb1b78bR1.diff,https://github.com/ASSERT-KTH/sb-heists/tree/main/smartbugs-curated/0.4.x/test/reentrancy/0x96edbe868531bd23a6c05e9d0c424ea64fb1b78b_test.js
280,0x96edbe868531bd23a6c05e9d0c424ea64fb1b78b.sol,0x96edbe868531bd23a6c05e9d0c424ea64fb1b78b.sol,reentrancy,sGuardPlus,True,True,1.0,1.0,True,passed,yes,https://github.com/ASSERT-KTH/RepairComp/blob/main/results/smartbugs/sGuardPlus/reentrancy/0x96edbe868531bd23a6c05e9d0c424ea64fb1b78b/0x96edbe868531bd23a6c05e9d0c424ea64fb1b78b.sol,https://github.com/smartbugs/smartbugs-curated/tree/main/dataset/reentrancy/0x96edbe868531bd23a6c05e9d0c424ea64fb1b78b.sol,https://github.com/ASSERT-KTH/RepairComp/blob/main/results/smartbugs/sGuardPlus/reentrancy/0x96edbe868531bd23a6c05e9d0c424ea64fb1b78b/0x96edbe868531bd23a6c05e9d0c424ea64fb1b78b.diff,https://github.com/ASSERT-KTH/sb-heists/tree/main/smartbugs-curated/0.4.x/test/reentrancy/0x96edbe868531bd23a6c05e9d0c424ea64fb1b78b_test.js
903,0xaae1f51cf3339f18b6d3f3bdc75a5facd744b0b8_1round.sol,0xaae1f51cf3339f18b6d3f3bdc75a5facd744b0b8.sol,reentrancy,SolGPT,True,True,1.0,1.0,True,passed,yes,https://github.com/ASSERT-KTH/RepairComp/blob/main/results/smartbugs/SolGPT/reentrancy/0xaae1f51cf3339f18b6d3f3bdc75a5facd744b0b8/0xaae1f51cf3339f18b6d3f3bdc75a5facd744b0b8_1round.sol,https://github.com/smartbugs/smartbugs-curated/tree/main/dataset/reentrancy/0xaae1f51cf3339f18b6d3f3bdc75a5facd744b0b8.sol,https://github.com/ASSERT-KTH/RepairComp/blob/main/results/smartbugs/SolGPT/reentrancy/0xaae1f51cf3339f18b6d3f3bdc75a5facd744b0b8/0xaae1f51cf3339f18b6d3f3bdc75a5facd744b0b8_1round.diff,https://github.com/ASSERT-KTH/sb-heists/tree/main/smartbugs-curated/0.4.x/test/reentrancy/0xaae1f51cf3339f18b6d3f3bdc75a5facd744b0b8_test.js
904,0xaae1f51cf3339f18b6d3f3bdc75a5facd744b0b8_4round.sol,0xaae1f51cf3339f18b6d3f3bdc75a5facd744b0b8.sol,reentrancy,SolGPT,True,True,1.0,1.0,True,passed,yes,https://github.com/ASSERT-KTH/RepairComp/blob/main/results/smartbugs/SolGPT/reentrancy/0xaae1f51cf3339f18b6d3f3bdc75a5facd744b0b8/0xaae1f51cf3339f18b6d3f3bdc75a5facd744b0b8_4round.sol,https://github.com/smartbugs/smartbugs-curated/tree/main/dataset/reentrancy/0xaae1f51cf3339f18b6d3f3bdc75a5facd744b0b8.sol,https://github.com/ASSERT-KTH/RepairComp/blob/main/results/smartbugs/SolGPT/reentrancy/0xaae1f51cf3339f18b6d3f3bdc75a5facd744b0b8/0xaae1f51cf3339f18b6d3f3bdc75a5facd744b0b8_4round.diff,https://github.com/ASSERT-KTH/sb-heists/tree/main/smartbugs-curated/0.4.x/test/reentrancy/0xaae1f51cf3339f18b6d3f3bdc75a5facd744b0b8_test.js
905,0xaae1f51cf3339f18b6d3f3bdc75a5facd744b0b8_2round.sol,0xaae1f51cf3339f18b6d3f3bdc75a5facd744b0b8.sol,reentrancy,SolGPT,True,True,1.0,1.0,True,passed,yes,https://github.com/ASSERT-KTH/RepairComp/blob/main/results/smartbugs/SolGPT/reentrancy/0xaae1f51cf3339f18b6d3f3bdc75a5facd744b0b8/0xaae1f51cf3339f18b6d3f3bdc75a5facd744b0b8_2round.sol,https://github.com/smartbugs/smartbugs-curated/tree/main/dataset/reentrancy/0xaae1f51cf3339f18b6d3f3bdc75a5facd744b0b8.sol,https://github.com/ASSERT-KTH/RepairComp/blob/main/results/smartbugs/SolGPT/reentrancy/0xaae1f51cf3339f18b6d3f3bdc75a5facd744b0b8/0xaae1f51cf3339f18b6d3f3bdc75a5facd744b0b8_2round.diff,https://github.com/ASSERT-KTH/sb-heists/tree/main/smartbugs-curated/0.4.x/test/reentrancy/0xaae1f51cf3339f18b6d3f3bdc75a5facd744b0b8_test.js
906,0xaae1f51cf3339f18b6d3f3bdc75a5facd744b0b8_3round.sol,0xaae1f51cf3339f18b6d3f3bdc75a5facd744b0b8.sol,reentrancy,SolGPT,True,True,1.0,1.0,True,passed,yes,https://github.com/ASSERT-KTH/RepairComp/blob/main/results/smartbugs/SolGPT/reentrancy/0xaae1f51cf3339f18b6d3f3bdc75a5facd744b0b8/0xaae1f51cf3339f18b6d3f3bdc75a5facd744b0b8_3round.sol,https://github.com/smartbugs/smartbugs-curated/tree/main/dataset/reentrancy/0xaae1f51cf3339f18b6d3f3bdc75a5facd744b0b8.sol,https://github.com/ASSERT-KTH/RepairComp/blob/main/results/smartbugs/SolGPT/reentrancy/0xaae1f51cf3339f18b6d3f3bdc75a5facd744b0b8/0xaae1f51cf3339f18b6d3f3bdc75a5facd744b0b8_3round.diff,https://github.com/ASSERT-KTH/sb-heists/tree/main/smartbugs-curated/0.4.x/test/reentrancy/0xaae1f51cf3339f18b6d3f3bdc75a5facd744b0b8_test.js
360,0xaae1f51cf3339f18b6d3f3bdc75a5facd744b0b8.sol,0xaae1f51cf3339f18b6d3f3bdc75a5facd744b0b8.sol,reentrancy,SmartFix,True,True,1.0,1.0,True,passed,yes,https://github.com/ASSERT-KTH/RepairComp/blob/main/results/smartbugs/SmartFix/reentrancy/0xaae1f51cf3339f18b6d3f3bdc75a5facd744b0b8/0xaae1f51cf3339f18b6d3f3bdc75a5facd744b0b8.sol,https://github.com/smartbugs/smartbugs-curated/tree/main/dataset/reentrancy/0xaae1f51cf3339f18b6d3f3bdc75a5facd744b0b8.sol,https://github.com/ASSERT-KTH/RepairComp/blob/main/results/smartbugs/SmartFix/reentrancy/0xaae1f51cf3339f18b6d3f3bdc75a5facd744b0b8/0xaae1f51cf3339f18b6d3f3bdc75a5facd744b0b8.diff,https://github.com/ASSERT-KTH/sb-heists/tree/main/smartbugs-curated/0.4.x/test/reentrancy/0xaae1f51cf3339f18b6d3f3bdc75a5facd744b0b8_test.js
1256,0xaae1f51cf3339f18b6d3f3bdc75a5facd744b0b8R1.sol,0xaae1f51cf3339f18b6d3f3bdc75a5facd744b0b8.sol,reentrancy,TIPS,True,True,1.0,1.0,True,passed,yes,https://github.com/ASSERT-KTH/RepairComp/blob/main/results/smartbugs/TIPS/reentrancy/0xaae1f51cf3339f18b6d3f3bdc75a5facd744b0b8/0xaae1f51cf3339f18b6d3f3bdc75a5facd744b0b8R1.sol,https://github.com/smartbugs/smartbugs-curated/tree/main/dataset/reentrancy/0xaae1f51cf3339f18b6d3f3bdc75a5facd744b0b8.sol,https://github.com/ASSERT-KTH/RepairComp/blob/main/results/smartbugs/TIPS/reentrancy/0xaae1f51cf3339f18b6d3f3bdc75a5facd744b0b8/0xaae1f51cf3339f18b6d3f3bdc75a5facd744b0b8R1.diff,https://github.com/ASSERT-KTH/sb-heists/tree/main/smartbugs-curated/0.4.x/test/reentrancy/0xaae1f51cf3339f18b6d3f3bdc75a5facd744b0b8_test.js
286,0xaae1f51cf3339f18b6d3f3bdc75a5facd744b0b8.sol,0xaae1f51cf3339f18b6d3f3bdc75a5facd744b0b8.sol,reentrancy,sGuardPlus,True,True,1.0,1.0,True,passed,yes,https://github.com/ASSERT-KTH/RepairComp/blob/main/results/smartbugs/sGuardPlus/reentrancy/0xaae1f51cf3339f18b6d3f3bdc75a5facd744b0b8/0xaae1f51cf3339f18b6d3f3bdc75a5facd744b0b8.sol,https://github.com/smartbugs/smartbugs-curated/tree/main/dataset/reentrancy/0xaae1f51cf3339f18b6d3f3bdc75a5facd744b0b8.sol,https://github.com/ASSERT-KTH/RepairComp/blob/main/results/smartbugs/sGuardPlus/reentrancy/0xaae1f51cf3339f18b6d3f3bdc75a5facd744b0b8/0xaae1f51cf3339f18b6d3f3bdc75a5facd744b0b8.diff,https://github.com/ASSERT-KTH/sb-heists/tree/main/smartbugs-curated/0.4.x/test/reentrancy/0xaae1f51cf3339f18b6d3f3bdc75a5facd744b0b8_test.js
943,0xb5e1b1ee15c6fa0e48fce100125569d430f1bd12_2round.sol,0xb5e1b1ee15c6fa0e48fce100125569d430f1bd12.sol,reentrancy,SolGPT,True,True,1.0,1.0,True,passed,yes,https://github.com/ASSERT-KTH/RepairComp/blob/main/results/smartbugs/SolGPT/reentrancy/0xb5e1b1ee15c6fa0e48fce100125569d430f1bd12/0xb5e1b1ee15c6fa0e48fce100125569d430f1bd12_2round.sol,https://github.com/smartbugs/smartbugs-curated/tree/main/dataset/reentrancy/0xb5e1b1ee15c6fa0e48fce100125569d430f1bd12.sol,https://github.com/ASSERT-KTH/RepairComp/blob/main/results/smartbugs/SolGPT/reentrancy/0xb5e1b1ee15c6fa0e48fce100125569d430f1bd12/0xb5e1b1ee15c6fa0e48fce100125569d430f1bd12_2round.diff,https://github.com/ASSERT-KTH/sb-heists/tree/main/smartbugs-curated/0.4.x/test/reentrancy/0xb5e1b1ee15c6fa0e48fce100125569d430f1bd12_test.js
944,0xb5e1b1ee15c6fa0e48fce100125569d430f1bd12_3round.sol,0xb5e1b1ee15c6fa0e48fce100125569d430f1bd12.sol,reentrancy,SolGPT,True,True,1.0,1.0,True,passed,yes,https://github.com/ASSERT-KTH/RepairComp/blob/main/results/smartbugs/SolGPT/reentrancy/0xb5e1b1ee15c6fa0e48fce100125569d430f1bd12/0xb5e1b1ee15c6fa0e48fce100125569d430f1bd12_3round.sol,https://github.com/smartbugs/smartbugs-curated/tree/main/dataset/reentrancy/0xb5e1b1ee15c6fa0e48fce100125569d430f1bd12.sol,https://github.com/ASSERT-KTH/RepairComp/blob/main/results/smartbugs/SolGPT/reentrancy/0xb5e1b1ee15c6fa0e48fce100125569d430f1bd12/0xb5e1b1ee15c6fa0e48fce100125569d430f1bd12_3round.diff,https://github.com/ASSERT-KTH/sb-heists/tree/main/smartbugs-curated/0.4.x/test/reentrancy/0xb5e1b1ee15c6fa0e48fce100125569d430f1bd12_test.js
945,0xb5e1b1ee15c6fa0e48fce100125569d430f1bd12_4round.sol,0xb5e1b1ee15c6fa0e48fce100125569d430f1bd12.sol,reentrancy,SolGPT,True,True,1.0,1.0,True,passed,yes,https://github.com/ASSERT-KTH/RepairComp/blob/main/results/smartbugs/SolGPT/reentrancy/0xb5e1b1ee15c6fa0e48fce100125569d430f1bd12/0xb5e1b1ee15c6fa0e48fce100125569d430f1bd12_4round.sol,https://github.com/smartbugs/smartbugs-curated/tree/main/dataset/reentrancy/0xb5e1b1ee15c6fa0e48fce100125569d430f1bd12.sol,https://github.com/ASSERT-KTH/RepairComp/blob/main/results/smartbugs/SolGPT/reentrancy/0xb5e1b1ee15c6fa0e48fce100125569d430f1bd12/0xb5e1b1ee15c6fa0e48fce100125569d430f1bd12_4round.diff,https://github.com/ASSERT-KTH/sb-heists/tree/main/smartbugs-curated/0.4.x/test/reentrancy/0xb5e1b1ee15c6fa0e48fce100125569d430f1bd12_test.js
946,0xb5e1b1ee15c6fa0e48fce100125569d430f1bd12_1round.sol,0xb5e1b1ee15c6fa0e48fce100125569d430f1bd12.sol,reentrancy,SolGPT,True,True,1.0,1.0,True,passed,yes,https://github.com/ASSERT-KTH/RepairComp/blob/main/results/smartbugs/SolGPT/reentrancy/0xb5e1b1ee15c6fa0e48fce100125569d430f1bd12/0xb5e1b1ee15c6fa0e48fce100125569d430f1bd12_1round.sol,https://github.com/smartbugs/smartbugs-curated/tree/main/dataset/reentrancy/0xb5e1b1ee15c6fa0e48fce100125569d430f1bd12.sol,https://github.com/ASSERT-KTH/RepairComp/blob/main/results/smartbugs/SolGPT/reentrancy/0xb5e1b1ee15c6fa0e48fce100125569d430f1bd12/0xb5e1b1ee15c6fa0e48fce100125569d430f1bd12_1round.diff,https://github.com/ASSERT-KTH/sb-heists/tree/main/smartbugs-curated/0.4.x/test/reentrancy/0xb5e1b1ee15c6fa0e48fce100125569d430f1bd12_test.js
369,0xb5e1b1ee15c6fa0e48fce100125569d430f1bd12.sol,0xb5e1b1ee15c6fa0e48fce100125569d430f1bd12.sol,reentrancy,SmartFix,True,True,1.0,1.0,True,passed,yes,https://github.com/ASSERT-KTH/RepairComp/blob/main/results/smartbugs/SmartFix/reentrancy/0xb5e1b1ee15c6fa0e48fce100125569d430f1bd12/0xb5e1b1ee15c6fa0e48fce100125569d430f1bd12.sol,https://github.com/smartbugs/smartbugs-curated/tree/main/dataset/reentrancy/0xb5e1b1ee15c6fa0e48fce100125569d430f1bd12.sol,https://github.com/ASSERT-KTH/RepairComp/blob/main/results/smartbugs/SmartFix/reentrancy/0xb5e1b1ee15c6fa0e48fce100125569d430f1bd12/0xb5e1b1ee15c6fa0e48fce100125569d430f1bd12.diff,https://github.com/ASSERT-KTH/sb-heists/tree/main/smartbugs-curated/0.4.x/test/reentrancy/0xb5e1b1ee15c6fa0e48fce100125569d430f1bd12_test.js
1277,0xb5e1b1ee15c6fa0e48fce100125569d430f1bd12R1.sol,0xb5e1b1ee15c6fa0e48fce100125569d430f1bd12.sol,reentrancy,TIPS,True,True,1.0,1.0,True,passed,yes,https://github.com/ASSERT-KTH/RepairComp/blob/main/results/smartbugs/TIPS/reentrancy/0xb5e1b1ee15c6fa0e48fce100125569d430f1bd12/0xb5e1b1ee15c6fa0e48fce100125569d430f1bd12R1.sol,https://github.com/smartbugs/smartbugs-curated/tree/main/dataset/reentrancy/0xb5e1b1ee15c6fa0e48fce100125569d430f1bd12.sol,https://github.com/ASSERT-KTH/RepairComp/blob/main/results/smartbugs/TIPS/reentrancy/0xb5e1b1ee15c6fa0e48fce100125569d430f1bd12/0xb5e1b1ee15c6fa0e48fce100125569d430f1bd12R1.diff,https://github.com/ASSERT-KTH/sb-heists/tree/main/smartbugs-curated/0.4.x/test/reentrancy/0xb5e1b1ee15c6fa0e48fce100125569d430f1bd12_test.js
295,0xb5e1b1ee15c6fa0e48fce100125569d430f1bd12.sol,0xb5e1b1ee15c6fa0e48fce100125569d430f1bd12.sol,reentrancy,sGuardPlus,True,True,1.0,1.0,True,passed,yes,https://github.com/ASSERT-KTH/RepairComp/blob/main/results/smartbugs/sGuardPlus/reentrancy/0xb5e1b1ee15c6fa0e48fce100125569d430f1bd12/0xb5e1b1ee15c6fa0e48fce100125569d430f1bd12.sol,https://github.com/smartbugs/smartbugs-curated/tree/main/dataset/reentrancy/0xb5e1b1ee15c6fa0e48fce100125569d430f1bd12.sol,https://github.com/ASSERT-KTH/RepairComp/blob/main/results/smartbugs/sGuardPlus/reentrancy/0xb5e1b1ee15c6fa0e48fce100125569d430f1bd12/0xb5e1b1ee15c6fa0e48fce100125569d430f1bd12.diff,https://github.com/ASSERT-KTH/sb-heists/tree/main/smartbugs-curated/0.4.x/test/reentrancy/0xb5e1b1ee15c6fa0e48fce100125569d430f1bd12_test.js
907,0xb93430ce38ac4a6bb47fb1fc085ea669353fd89e_4round.sol,0xb93430ce38ac4a6bb47fb1fc085ea669353fd89e.sol,reentrancy,SolGPT,True,True,1.0,1.0,True,passed,yes,https://github.com/ASSERT-KTH/RepairComp/blob/main/results/smartbugs/SolGPT/reentrancy/0xb93430ce38ac4a6bb47fb1fc085ea669353fd89e/0xb93430ce38ac4a6bb47fb1fc085ea669353fd89e_4round.sol,https://github.com/smartbugs/smartbugs-curated/tree/main/dataset/reentrancy/0xb93430ce38ac4a6bb47fb1fc085ea669353fd89e.sol,https://github.com/ASSERT-KTH/RepairComp/blob/main/results/smartbugs/SolGPT/reentrancy/0xb93430ce38ac4a6bb47fb1fc085ea669353fd89e/0xb93430ce38ac4a6bb47fb1fc085ea669353fd89e_4round.diff,https://github.com/ASSERT-KTH/sb-heists/tree/main/smartbugs-curated/0.4.x/test/reentrancy/0xb93430ce38ac4a6bb47fb1fc085ea669353fd89e_test.js
908,0xb93430ce38ac4a6bb47fb1fc085ea669353fd89e_1round.sol,0xb93430ce38ac4a6bb47fb1fc085ea669353fd89e.sol,reentrancy,SolGPT,True,True,1.0,1.0,True,passed,yes,https://github.com/ASSERT-KTH/RepairComp/blob/main/results/smartbugs/SolGPT/reentrancy/0xb93430ce38ac4a6bb47fb1fc085ea669353fd89e/0xb93430ce38ac4a6bb47fb1fc085ea669353fd89e_1round.sol,https://github.com/smartbugs/smartbugs-curated/tree/main/dataset/reentrancy/0xb93430ce38ac4a6bb47fb1fc085ea669353fd89e.sol,https://github.com/ASSERT-KTH/RepairComp/blob/main/results/smartbugs/SolGPT/reentrancy/0xb93430ce38ac4a6bb47fb1fc085ea669353fd89e/0xb93430ce38ac4a6bb47fb1fc085ea669353fd89e_1round.diff,https://github.com/ASSERT-KTH/sb-heists/tree/main/smartbugs-curated/0.4.x/test/reentrancy/0xb93430ce38ac4a6bb47fb1fc085ea669353fd89e_test.js
909,0xb93430ce38ac4a6bb47fb1fc085ea669353fd89e_2round.sol,0xb93430ce38ac4a6bb47fb1fc085ea669353fd89e.sol,reentrancy,SolGPT,True,True,1.0,1.0,True,passed,yes,https://github.com/ASSERT-KTH/RepairComp/blob/main/results/smartbugs/SolGPT/reentrancy/0xb93430ce38ac4a6bb47fb1fc085ea669353fd89e/0xb93430ce38ac4a6bb47fb1fc085ea669353fd89e_2round.sol,https://github.com/smartbugs/smartbugs-curated/tree/main/dataset/reentrancy/0xb93430ce38ac4a6bb47fb1fc085ea669353fd89e.sol,https://github.com/ASSERT-KTH/RepairComp/blob/main/results/smartbugs/SolGPT/reentrancy/0xb93430ce38ac4a6bb47fb1fc085ea669353fd89e/0xb93430ce38ac4a6bb47fb1fc085ea669353fd89e_2round.diff,https://github.com/ASSERT-KTH/sb-heists/tree/main/smartbugs-curated/0.4.x/test/reentrancy/0xb93430ce38ac4a6bb47fb1fc085ea669353fd89e_test.js
910,0xb93430ce38ac4a6bb47fb1fc085ea669353fd89e_3round.sol,0xb93430ce38ac4a6bb47fb1fc085ea669353fd89e.sol,reentrancy,SolGPT,True,True,1.0,1.0,True,passed,yes,https://github.com/ASSERT-KTH/RepairComp/blob/main/results/smartbugs/SolGPT/reentrancy/0xb93430ce38ac4a6bb47fb1fc085ea669353fd89e/0xb93430ce38ac4a6bb47fb1fc085ea669353fd89e_3round.sol,https://github.com/smartbugs/smartbugs-curated/tree/main/dataset/reentrancy/0xb93430ce38ac4a6bb47fb1fc085ea669353fd89e.sol,https://github.com/ASSERT-KTH/RepairComp/blob/main/results/smartbugs/SolGPT/reentrancy/0xb93430ce38ac4a6bb47fb1fc085ea669353fd89e/0xb93430ce38ac4a6bb47fb1fc085ea669353fd89e_3round.diff,https://github.com/ASSERT-KTH/sb-heists/tree/main/smartbugs-curated/0.4.x/test/reentrancy/0xb93430ce38ac4a6bb47fb1fc085ea669353fd89e_test.js
361,0xb93430ce38ac4a6bb47fb1fc085ea669353fd89e.sol,0xb93430ce38ac4a6bb47fb1fc085ea669353fd89e.sol,reentrancy,SmartFix,True,True,1.0,1.0,True,passed,yes,https://github.com/ASSERT-KTH/RepairComp/blob/main/results/smartbugs/SmartFix/reentrancy/0xb93430ce38ac4a6bb47fb1fc085ea669353fd89e/0xb93430ce38ac4a6bb47fb1fc085ea669353fd89e.sol,https://github.com/smartbugs/smartbugs-curated/tree/main/dataset/reentrancy/0xb93430ce38ac4a6bb47fb1fc085ea669353fd89e.sol,https://github.com/ASSERT-KTH/RepairComp/blob/main/results/smartbugs/SmartFix/reentrancy/0xb93430ce38ac4a6bb47fb1fc085ea669353fd89e/0xb93430ce38ac4a6bb47fb1fc085ea669353fd89e.diff,https://github.com/ASSERT-KTH/sb-heists/tree/main/smartbugs-curated/0.4.x/test/reentrancy/0xb93430ce38ac4a6bb47fb1fc085ea669353fd89e_test.js
1259,0xb93430ce38ac4a6bb47fb1fc085ea669353fd89eR1.sol,0xb93430ce38ac4a6bb47fb1fc085ea669353fd89e.sol,reentrancy,TIPS,True,True,1.0,1.0,True,passed,yes,https://github.com/ASSERT-KTH/RepairComp/blob/main/results/smartbugs/TIPS/reentrancy/0xb93430ce38ac4a6bb47fb1fc085ea669353fd89e/0xb93430ce38ac4a6bb47fb1fc085ea669353fd89eR1.sol,https://github.com/smartbugs/smartbugs-curated/tree/main/dataset/reentrancy/0xb93430ce38ac4a6bb47fb1fc085ea669353fd89e.sol,https://github.com/ASSERT-KTH/RepairComp/blob/main/results/smartbugs/TIPS/reentrancy/0xb93430ce38ac4a6bb47fb1fc085ea669353fd89e/0xb93430ce38ac4a6bb47fb1fc085ea669353fd89eR1.diff,https://github.com/ASSERT-KTH/sb-heists/tree/main/smartbugs-curated/0.4.x/test/reentrancy/0xb93430ce38ac4a6bb47fb1fc085ea669353fd89e_test.js
287,0xb93430ce38ac4a6bb47fb1fc085ea669353fd89e.sol,0xb93430ce38ac4a6bb47fb1fc085ea669353fd89e.sol,reentrancy,sGuardPlus,True,True,1.0,1.0,True,passed,yes,https://github.com/ASSERT-KTH/RepairComp/blob/main/results/smartbugs/sGuardPlus/reentrancy/0xb93430ce38ac4a6bb47fb1fc085ea669353fd89e/0xb93430ce38ac4a6bb47fb1fc085ea669353fd89e.sol,https://github.com/smartbugs/smartbugs-curated/tree/main/dataset/reentrancy/0xb93430ce38ac4a6bb47fb1fc085ea669353fd89e.sol,https://github.com/ASSERT-KTH/RepairComp/blob/main/results/smartbugs/sGuardPlus/reentrancy/0xb93430ce38ac4a6bb47fb1fc085ea669353fd89e/0xb93430ce38ac4a6bb47fb1fc085ea669353fd89e.diff,https://github.com/ASSERT-KTH/sb-heists/tree/main/smartbugs-curated/0.4.x/test/reentrancy/0xb93430ce38ac4a6bb47fb1fc085ea669353fd89e_test.js
858,0xbaf51e761510c1a11bf48dd87c0307ac8a8c8a4f_3round.sol,0xbaf51e761510c1a11bf48dd87c0307ac8a8c8a4f.sol,reentrancy,SolGPT,True,True,1.0,1.0,True,passed,yes,https://github.com/ASSERT-KTH/RepairComp/blob/main/results/smartbugs/SolGPT/reentrancy/0xbaf51e761510c1a11bf48dd87c0307ac8a8c8a4f/0xbaf51e761510c1a11bf48dd87c0307ac8a8c8a4f_3round.sol,https://github.com/smartbugs/smartbugs-curated/tree/main/dataset/reentrancy/0xbaf51e761510c1a11bf48dd87c0307ac8a8c8a4f.sol,https://github.com/ASSERT-KTH/RepairComp/blob/main/results/smartbugs/SolGPT/reentrancy/0xbaf51e761510c1a11bf48dd87c0307ac8a8c8a4f/0xbaf51e761510c1a11bf48dd87c0307ac8a8c8a4f_3round.diff,https://github.com/ASSERT-KTH/sb-heists/tree/main/smartbugs-curated/0.4.x/test/reentrancy/0xbaf51e761510c1a11bf48dd87c0307ac8a8c8a4f_test.js
857,0xbaf51e761510c1a11bf48dd87c0307ac8a8c8a4f_4round.sol,0xbaf51e761510c1a11bf48dd87c0307ac8a8c8a4f.sol,reentrancy,SolGPT,True,True,1.0,1.0,True,passed,yes,https://github.com/ASSERT-KTH/RepairComp/blob/main/results/smartbugs/SolGPT/reentrancy/0xbaf51e761510c1a11bf48dd87c0307ac8a8c8a4f/0xbaf51e761510c1a11bf48dd87c0307ac8a8c8a4f_4round.sol,https://github.com/smartbugs/smartbugs-curated/tree/main/dataset/reentrancy/0xbaf51e761510c1a11bf48dd87c0307ac8a8c8a4f.sol,https://github.com/ASSERT-KTH/RepairComp/blob/main/results/smartbugs/SolGPT/reentrancy/0xbaf51e761510c1a11bf48dd87c0307ac8a8c8a4f/0xbaf51e761510c1a11bf48dd87c0307ac8a8c8a4f_4round.diff,https://github.com/ASSERT-KTH/sb-heists/tree/main/smartbugs-curated/0.4.x/test/reentrancy/0xbaf51e761510c1a11bf48dd87c0307ac8a8c8a4f_test.js
855,0xbaf51e761510c1a11bf48dd87c0307ac8a8c8a4f_2round.sol,0xbaf51e761510c1a11bf48dd87c0307ac8a8c8a4f.sol,reentrancy,SolGPT,True,True,1.0,1.0,True,passed,yes,https://github.com/ASSERT-KTH/RepairComp/blob/main/results/smartbugs/SolGPT/reentrancy/0xbaf51e761510c1a11bf48dd87c0307ac8a8c8a4f/0xbaf51e761510c1a11bf48dd87c0307ac8a8c8a4f_2round.sol,https://github.com/smartbugs/smartbugs-curated/tree/main/dataset/reentrancy/0xbaf51e761510c1a11bf48dd87c0307ac8a8c8a4f.sol,https://github.com/ASSERT-KTH/RepairComp/blob/main/results/smartbugs/SolGPT/reentrancy/0xbaf51e761510c1a11bf48dd87c0307ac8a8c8a4f/0xbaf51e761510c1a11bf48dd87c0307ac8a8c8a4f_2round.diff,https://github.com/ASSERT-KTH/sb-heists/tree/main/smartbugs-curated/0.4.x/test/reentrancy/0xbaf51e761510c1a11bf48dd87c0307ac8a8c8a4f_test.js
856,0xbaf51e761510c1a11bf48dd87c0307ac8a8c8a4f_1round.sol,0xbaf51e761510c1a11bf48dd87c0307ac8a8c8a4f.sol,reentrancy,SolGPT,True,True,1.0,1.0,True,passed,yes,https://github.com/ASSERT-KTH/RepairComp/blob/main/results/smartbugs/SolGPT/reentrancy/0xbaf51e761510c1a11bf48dd87c0307ac8a8c8a4f/0xbaf51e761510c1a11bf48dd87c0307ac8a8c8a4f_1round.sol,https://github.com/smartbugs/smartbugs-curated/tree/main/dataset/reentrancy/0xbaf51e761510c1a11bf48dd87c0307ac8a8c8a4f.sol,https://github.com/ASSERT-KTH/RepairComp/blob/main/results/smartbugs/SolGPT/reentrancy/0xbaf51e761510c1a11bf48dd87c0307ac8a8c8a4f/0xbaf51e761510c1a11bf48dd87c0307ac8a8c8a4f_1round.diff,https://github.com/ASSERT-KTH/sb-heists/tree/main/smartbugs-curated/0.4.x/test/reentrancy/0xbaf51e761510c1a11bf48dd87c0307ac8a8c8a4f_test.js
350,0xbaf51e761510c1a11bf48dd87c0307ac8a8c8a4f.sol,0xbaf51e761510c1a11bf48dd87c0307ac8a8c8a4f.sol,reentrancy,SmartFix,True,True,1.0,1.0,True,passed,yes,https://github.com/ASSERT-KTH/RepairComp/blob/main/results/smartbugs/SmartFix/reentrancy/0xbaf51e761510c1a11bf48dd87c0307ac8a8c8a4f/0xbaf51e761510c1a11bf48dd87c0307ac8a8c8a4f.sol,https://github.com/smartbugs/smartbugs-curated/tree/main/dataset/reentrancy/0xbaf51e761510c1a11bf48dd87c0307ac8a8c8a4f.sol,https://github.com/ASSERT-KTH/RepairComp/blob/main/results/smartbugs/SmartFix/reentrancy/0xbaf51e761510c1a11bf48dd87c0307ac8a8c8a4f/0xbaf51e761510c1a11bf48dd87c0307ac8a8c8a4f.diff,https://github.com/ASSERT-KTH/sb-heists/tree/main/smartbugs-curated/0.4.x/test/reentrancy/0xbaf51e761510c1a11bf48dd87c0307ac8a8c8a4f_test.js
1233,0xbaf51e761510c1a11bf48dd87c0307ac8a8c8a4fR1.sol,0xbaf51e761510c1a11bf48dd87c0307ac8a8c8a4f.sol,reentrancy,TIPS,True,True,1.0,1.0,True,passed,yes,https://github.com/ASSERT-KTH/RepairComp/blob/main/results/smartbugs/TIPS/reentrancy/0xbaf51e761510c1a11bf48dd87c0307ac8a8c8a4f/0xbaf51e761510c1a11bf48dd87c0307ac8a8c8a4fR1.sol,https://github.com/smartbugs/smartbugs-curated/tree/main/dataset/reentrancy/0xbaf51e761510c1a11bf48dd87c0307ac8a8c8a4f.sol,https://github.com/ASSERT-KTH/RepairComp/blob/main/results/smartbugs/TIPS/reentrancy/0xbaf51e761510c1a11bf48dd87c0307ac8a8c8a4f/0xbaf51e761510c1a11bf48dd87c0307ac8a8c8a4fR1.diff,https://github.com/ASSERT-KTH/sb-heists/tree/main/smartbugs-curated/0.4.x/test/reentrancy/0xbaf51e761510c1a11bf48dd87c0307ac8a8c8a4f_test.js
274,0xbaf51e761510c1a11bf48dd87c0307ac8a8c8a4f.sol,0xbaf51e761510c1a11bf48dd87c0307ac8a8c8a4f.sol,reentrancy,sGuardPlus,True,True,1.0,1.0,True,passed,yes,https://github.com/ASSERT-KTH/RepairComp/blob/main/results/smartbugs/sGuardPlus/reentrancy/0xbaf51e761510c1a11bf48dd87c0307ac8a8c8a4f/0xbaf51e761510c1a11bf48dd87c0307ac8a8c8a4f.sol,https://github.com/smartbugs/smartbugs-curated/tree/main/dataset/reentrancy/0xbaf51e761510c1a11bf48dd87c0307ac8a8c8a4f.sol,https://github.com/ASSERT-KTH/RepairComp/blob/main/results/smartbugs/sGuardPlus/reentrancy/0xbaf51e761510c1a11bf48dd87c0307ac8a8c8a4f/0xbaf51e761510c1a11bf48dd87c0307ac8a8c8a4f.diff,https://github.com/ASSERT-KTH/sb-heists/tree/main/smartbugs-curated/0.4.x/test/reentrancy/0xbaf51e761510c1a11bf48dd87c0307ac8a8c8a4f_test.js
966,0xbe4041d55db380c5ae9d4a9b9703f1ed4e7e3888_2round.sol,0xbe4041d55db380c5ae9d4a9b9703f1ed4e7e3888.sol,reentrancy,SolGPT,True,True,1.0,1.0,True,passed,yes,https://github.com/ASSERT-KTH/RepairComp/blob/main/results/smartbugs/SolGPT/reentrancy/0xbe4041d55db380c5ae9d4a9b9703f1ed4e7e3888/0xbe4041d55db380c5ae9d4a9b9703f1ed4e7e3888_2round.sol,https://github.com/smartbugs/smartbugs-curated/tree/main/dataset/reentrancy/0xbe4041d55db380c5ae9d4a9b9703f1ed4e7e3888.sol,https://github.com/ASSERT-KTH/RepairComp/blob/main/results/smartbugs/SolGPT/reentrancy/0xbe4041d55db380c5ae9d4a9b9703f1ed4e7e3888/0xbe4041d55db380c5ae9d4a9b9703f1ed4e7e3888_2round.diff,https://github.com/ASSERT-KTH/sb-heists/tree/main/smartbugs-curated/0.4.x/test/reentrancy/0xbe4041d55db380c5ae9d4a9b9703f1ed4e7e3888_test.js
965,0xbe4041d55db380c5ae9d4a9b9703f1ed4e7e3888_3round.sol,0xbe4041d55db380c5ae9d4a9b9703f1ed4e7e3888.sol,reentrancy,SolGPT,True,True,1.0,1.0,True,passed,yes,https://github.com/ASSERT-KTH/RepairComp/blob/main/results/smartbugs/SolGPT/reentrancy/0xbe4041d55db380c5ae9d4a9b9703f1ed4e7e3888/0xbe4041d55db380c5ae9d4a9b9703f1ed4e7e3888_3round.sol,https://github.com/smartbugs/smartbugs-curated/tree/main/dataset/reentrancy/0xbe4041d55db380c5ae9d4a9b9703f1ed4e7e3888.sol,https://github.com/ASSERT-KTH/RepairComp/blob/main/results/smartbugs/SolGPT/reentrancy/0xbe4041d55db380c5ae9d4a9b9703f1ed4e7e3888/0xbe4041d55db380c5ae9d4a9b9703f1ed4e7e3888_3round.diff,https://github.com/ASSERT-KTH/sb-heists/tree/main/smartbugs-curated/0.4.x/test/reentrancy/0xbe4041d55db380c5ae9d4a9b9703f1ed4e7e3888_test.js
964,0xbe4041d55db380c5ae9d4a9b9703f1ed4e7e3888_4round.sol,0xbe4041d55db380c5ae9d4a9b9703f1ed4e7e3888.sol,reentrancy,SolGPT,True,True,1.0,1.0,True,passed,yes,https://github.com/ASSERT-KTH/RepairComp/blob/main/results/smartbugs/SolGPT/reentrancy/0xbe4041d55db380c5ae9d4a9b9703f1ed4e7e3888/0xbe4041d55db380c5ae9d4a9b9703f1ed4e7e3888_4round.sol,https://github.com/smartbugs/smartbugs-curated/tree/main/dataset/reentrancy/0xbe4041d55db380c5ae9d4a9b9703f1ed4e7e3888.sol,https://github.com/ASSERT-KTH/RepairComp/blob/main/results/smartbugs/SolGPT/reentrancy/0xbe4041d55db380c5ae9d4a9b9703f1ed4e7e3888/0xbe4041d55db380c5ae9d4a9b9703f1ed4e7e3888_4round.diff,https://github.com/ASSERT-KTH/sb-heists/tree/main/smartbugs-curated/0.4.x/test/reentrancy/0xbe4041d55db380c5ae9d4a9b9703f1ed4e7e3888_test.js
963,0xbe4041d55db380c5ae9d4a9b9703f1ed4e7e3888_1round.sol,0xbe4041d55db380c5ae9d4a9b9703f1ed4e7e3888.sol,reentrancy,SolGPT,True,True,1.0,1.0,True,passed,yes,https://github.com/ASSERT-KTH/RepairComp/blob/main/results/smartbugs/SolGPT/reentrancy/0xbe4041d55db380c5ae9d4a9b9703f1ed4e7e3888/0xbe4041d55db380c5ae9d4a9b9703f1ed4e7e3888_1round.sol,https://github.com/smartbugs/smartbugs-curated/tree/main/dataset/reentrancy/0xbe4041d55db380c5ae9d4a9b9703f1ed4e7e3888.sol,https://github.com/ASSERT-KTH/RepairComp/blob/main/results/smartbugs/SolGPT/reentrancy/0xbe4041d55db380c5ae9d4a9b9703f1ed4e7e3888/0xbe4041d55db380c5ae9d4a9b9703f1ed4e7e3888_1round.diff,https://github.com/ASSERT-KTH/sb-heists/tree/main/smartbugs-curated/0.4.x/test/reentrancy/0xbe4041d55db380c5ae9d4a9b9703f1ed4e7e3888_test.js
374,0xbe4041d55db380c5ae9d4a9b9703f1ed4e7e3888.sol,0xbe4041d55db380c5ae9d4a9b9703f1ed4e7e3888.sol,reentrancy,SmartFix,True,True,1.0,1.0,True,passed,yes,https://github.com/ASSERT-KTH/RepairComp/blob/main/results/smartbugs/SmartFix/reentrancy/0xbe4041d55db380c5ae9d4a9b9703f1ed4e7e3888/0xbe4041d55db380c5ae9d4a9b9703f1ed4e7e3888.sol,https://github.com/smartbugs/smartbugs-curated/tree/main/dataset/reentrancy/0xbe4041d55db380c5ae9d4a9b9703f1ed4e7e3888.sol,https://github.com/ASSERT-KTH/RepairComp/blob/main/results/smartbugs/SmartFix/reentrancy/0xbe4041d55db380c5ae9d4a9b9703f1ed4e7e3888/0xbe4041d55db380c5ae9d4a9b9703f1ed4e7e3888.diff,https://github.com/ASSERT-KTH/sb-heists/tree/main/smartbugs-curated/0.4.x/test/reentrancy/0xbe4041d55db380c5ae9d4a9b9703f1ed4e7e3888_test.js
1288,0xbe4041d55db380c5ae9d4a9b9703f1ed4e7e3888R1.sol,0xbe4041d55db380c5ae9d4a9b9703f1ed4e7e3888.sol,reentrancy,TIPS,True,True,1.0,1.0,True,passed,yes,https://github.com/ASSERT-KTH/RepairComp/blob/main/results/smartbugs/TIPS/reentrancy/0xbe4041d55db380c5ae9d4a9b9703f1ed4e7e3888/0xbe4041d55db380c5ae9d4a9b9703f1ed4e7e3888R1.sol,https://github.com/smartbugs/smartbugs-curated/tree/main/dataset/reentrancy/0xbe4041d55db380c5ae9d4a9b9703f1ed4e7e3888.sol,https://github.com/ASSERT-KTH/RepairComp/blob/main/results/smartbugs/TIPS/reentrancy/0xbe4041d55db380c5ae9d4a9b9703f1ed4e7e3888/0xbe4041d55db380c5ae9d4a9b9703f1ed4e7e3888R1.diff,https://github.com/ASSERT-KTH/sb-heists/tree/main/smartbugs-curated/0.4.x/test/reentrancy/0xbe4041d55db380c5ae9d4a9b9703f1ed4e7e3888_test.js
299,0xbe4041d55db380c5ae9d4a9b9703f1ed4e7e3888.sol,0xbe4041d55db380c5ae9d4a9b9703f1ed4e7e3888.sol,reentrancy,sGuardPlus,True,True,1.0,1.0,True,passed,yes,https://github.com/ASSERT-KTH/RepairComp/blob/main/results/smartbugs/sGuardPlus/reentrancy/0xbe4041d55db380c5ae9d4a9b9703f1ed4e7e3888/0xbe4041d55db380c5ae9d4a9b9703f1ed4e7e3888.sol,https://github.com/smartbugs/smartbugs-curated/tree/main/dataset/reentrancy/0xbe4041d55db380c5ae9d4a9b9703f1ed4e7e3888.sol,https://github.com/ASSERT-KTH/RepairComp/blob/main/results/smartbugs/sGuardPlus/reentrancy/0xbe4041d55db380c5ae9d4a9b9703f1ed4e7e3888/0xbe4041d55db380c5ae9d4a9b9703f1ed4e7e3888.diff,https://github.com/ASSERT-KTH/sb-heists/tree/main/smartbugs-curated/0.4.x/test/reentrancy/0xbe4041d55db380c5ae9d4a9b9703f1ed4e7e3888_test.js
866,0xcead721ef5b11f1a7b530171aab69b16c5e66b6e_2round.sol,0xcead721ef5b11f1a7b530171aab69b16c5e66b6e.sol,reentrancy,SolGPT,True,True,1.0,1.0,True,passed,yes,https://github.com/ASSERT-KTH/RepairComp/blob/main/results/smartbugs/SolGPT/reentrancy/0xcead721ef5b11f1a7b530171aab69b16c5e66b6e/0xcead721ef5b11f1a7b530171aab69b16c5e66b6e_2round.sol,https://github.com/smartbugs/smartbugs-curated/tree/main/dataset/reentrancy/0xcead721ef5b11f1a7b530171aab69b16c5e66b6e.sol,https://github.com/ASSERT-KTH/RepairComp/blob/main/results/smartbugs/SolGPT/reentrancy/0xcead721ef5b11f1a7b530171aab69b16c5e66b6e/0xcead721ef5b11f1a7b530171aab69b16c5e66b6e_2round.diff,https://github.com/ASSERT-KTH/sb-heists/tree/main/smartbugs-curated/0.4.x/test/reentrancy/0xcead721ef5b11f1a7b530171aab69b16c5e66b6e_test.js
865,0xcead721ef5b11f1a7b530171aab69b16c5e66b6e_1round.sol,0xcead721ef5b11f1a7b530171aab69b16c5e66b6e.sol,reentrancy,SolGPT,True,True,1.0,1.0,True,passed,yes,https://github.com/ASSERT-KTH/RepairComp/blob/main/results/smartbugs/SolGPT/reentrancy/0xcead721ef5b11f1a7b530171aab69b16c5e66b6e/0xcead721ef5b11f1a7b530171aab69b16c5e66b6e_1round.sol,https://github.com/smartbugs/smartbugs-curated/tree/main/dataset/reentrancy/0xcead721ef5b11f1a7b530171aab69b16c5e66b6e.sol,https://github.com/ASSERT-KTH/RepairComp/blob/main/results/smartbugs/SolGPT/reentrancy/0xcead721ef5b11f1a7b530171aab69b16c5e66b6e/0xcead721ef5b11f1a7b530171aab69b16c5e66b6e_1round.diff,https://github.com/ASSERT-KTH/sb-heists/tree/main/smartbugs-curated/0.4.x/test/reentrancy/0xcead721ef5b11f1a7b530171aab69b16c5e66b6e_test.js
864,0xcead721ef5b11f1a7b530171aab69b16c5e66b6e_3round.sol,0xcead721ef5b11f1a7b530171aab69b16c5e66b6e.sol,reentrancy,SolGPT,True,True,1.0,1.0,True,passed,yes,https://github.com/ASSERT-KTH/RepairComp/blob/main/results/smartbugs/SolGPT/reentrancy/0xcead721ef5b11f1a7b530171aab69b16c5e66b6e/0xcead721ef5b11f1a7b530171aab69b16c5e66b6e_3round.sol,https://github.com/smartbugs/smartbugs-curated/tree/main/dataset/reentrancy/0xcead721ef5b11f1a7b530171aab69b16c5e66b6e.sol,https://github.com/ASSERT-KTH/RepairComp/blob/main/results/smartbugs/SolGPT/reentrancy/0xcead721ef5b11f1a7b530171aab69b16c5e66b6e/0xcead721ef5b11f1a7b530171aab69b16c5e66b6e_3round.diff,https://github.com/ASSERT-KTH/sb-heists/tree/main/smartbugs-curated/0.4.x/test/reentrancy/0xcead721ef5b11f1a7b530171aab69b16c5e66b6e_test.js
863,0xcead721ef5b11f1a7b530171aab69b16c5e66b6e_4round.sol,0xcead721ef5b11f1a7b530171aab69b16c5e66b6e.sol,reentrancy,SolGPT,True,True,1.0,1.0,True,passed,yes,https://github.com/ASSERT-KTH/RepairComp/blob/main/results/smartbugs/SolGPT/reentrancy/0xcead721ef5b11f1a7b530171aab69b16c5e66b6e/0xcead721ef5b11f1a7b530171aab69b16c5e66b6e_4round.sol,https://github.com/smartbugs/smartbugs-curated/tree/main/dataset/reentrancy/0xcead721ef5b11f1a7b530171aab69b16c5e66b6e.sol,https://github.com/ASSERT-KTH/RepairComp/blob/main/results/smartbugs/SolGPT/reentrancy/0xcead721ef5b11f1a7b530171aab69b16c5e66b6e/0xcead721ef5b11f1a7b530171aab69b16c5e66b6e_4round.diff,https://github.com/ASSERT-KTH/sb-heists/tree/main/smartbugs-curated/0.4.x/test/reentrancy/0xcead721ef5b11f1a7b530171aab69b16c5e66b6e_test.js
352,0xcead721ef5b11f1a7b530171aab69b16c5e66b6e.sol,0xcead721ef5b11f1a7b530171aab69b16c5e66b6e.sol,reentrancy,SmartFix,True,True,1.0,1.0,True,passed,yes,https://github.com/ASSERT-KTH/RepairComp/blob/main/results/smartbugs/SmartFix/reentrancy/0xcead721ef5b11f1a7b530171aab69b16c5e66b6e/0xcead721ef5b11f1a7b530171aab69b16c5e66b6e.sol,https://github.com/smartbugs/smartbugs-curated/tree/main/dataset/reentrancy/0xcead721ef5b11f1a7b530171aab69b16c5e66b6e.sol,https://github.com/ASSERT-KTH/RepairComp/blob/main/results/smartbugs/SmartFix/reentrancy/0xcead721ef5b11f1a7b530171aab69b16c5e66b6e/0xcead721ef5b11f1a7b530171aab69b16c5e66b6e.diff,https://github.com/ASSERT-KTH/sb-heists/tree/main/smartbugs-curated/0.4.x/test/reentrancy/0xcead721ef5b11f1a7b530171aab69b16c5e66b6e_test.js
1236,0xcead721ef5b11f1a7b530171aab69b16c5e66b6eR1.sol,0xcead721ef5b11f1a7b530171aab69b16c5e66b6e.sol,reentrancy,TIPS,True,True,1.0,1.0,True,passed,yes,https://github.com/ASSERT-KTH/RepairComp/blob/main/results/smartbugs/TIPS/reentrancy/0xcead721ef5b11f1a7b530171aab69b16c5e66b6e/0xcead721ef5b11f1a7b530171aab69b16c5e66b6eR1.sol,https://github.com/smartbugs/smartbugs-curated/tree/main/dataset/reentrancy/0xcead721ef5b11f1a7b530171aab69b16c5e66b6e.sol,https://github.com/ASSERT-KTH/RepairComp/blob/main/results/smartbugs/TIPS/reentrancy/0xcead721ef5b11f1a7b530171aab69b16c5e66b6e/0xcead721ef5b11f1a7b530171aab69b16c5e66b6eR1.diff,https://github.com/ASSERT-KTH/sb-heists/tree/main/smartbugs-curated/0.4.x/test/reentrancy/0xcead721ef5b11f1a7b530171aab69b16c5e66b6e_test.js
276,0xcead721ef5b11f1a7b530171aab69b16c5e66b6e.sol,0xcead721ef5b11f1a7b530171aab69b16c5e66b6e.sol,reentrancy,sGuardPlus,True,True,1.0,1.0,True,passed,yes,https://github.com/ASSERT-KTH/RepairComp/blob/main/results/smartbugs/sGuardPlus/reentrancy/0xcead721ef5b11f1a7b530171aab69b16c5e66b6e/0xcead721ef5b11f1a7b530171aab69b16c5e66b6e.sol,https://github.com/smartbugs/smartbugs-curated/tree/main/dataset/reentrancy/0xcead721ef5b11f1a7b530171aab69b16c5e66b6e.sol,https://github.com/ASSERT-KTH/RepairComp/blob/main/results/smartbugs/sGuardPlus/reentrancy/0xcead721ef5b11f1a7b530171aab69b16c5e66b6e/0xcead721ef5b11f1a7b530171aab69b16c5e66b6e.diff,https://github.com/ASSERT-KTH/sb-heists/tree/main/smartbugs-curated/0.4.x/test/reentrancy/0xcead721ef5b11f1a7b530171aab69b16c5e66b6e_test.js
898,0xf015c35649c82f5467c9c74b7f28ee67665aad68_3round.sol,0xf015c35649c82f5467c9c74b7f28ee67665aad68.sol,reentrancy,SolGPT,True,True,1.0,1.0,True,passed,yes,https://github.com/ASSERT-KTH/RepairComp/blob/main/results/smartbugs/SolGPT/reentrancy/0xf015c35649c82f5467c9c74b7f28ee67665aad68/0xf015c35649c82f5467c9c74b7f28ee67665aad68_3round.sol,https://github.com/smartbugs/smartbugs-curated/tree/main/dataset/reentrancy/0xf015c35649c82f5467c9c74b7f28ee67665aad68.sol,https://github.com/ASSERT-KTH/RepairComp/blob/main/results/smartbugs/SolGPT/reentrancy/0xf015c35649c82f5467c9c74b7f28ee67665aad68/0xf015c35649c82f5467c9c74b7f28ee67665aad68_3round.diff,https://github.com/ASSERT-KTH/sb-heists/tree/main/smartbugs-curated/0.4.x/test/reentrancy/0xf015c35649c82f5467c9c74b7f28ee67665aad68_test.js
895,0xf015c35649c82f5467c9c74b7f28ee67665aad68_1round.sol,0xf015c35649c82f5467c9c74b7f28ee67665aad68.sol,reentrancy,SolGPT,True,True,1.0,1.0,True,passed,yes,https://github.com/ASSERT-KTH/RepairComp/blob/main/results/smartbugs/SolGPT/reentrancy/0xf015c35649c82f5467c9c74b7f28ee67665aad68/0xf015c35649c82f5467c9c74b7f28ee67665aad68_1round.sol,https://github.com/smartbugs/smartbugs-curated/tree/main/dataset/reentrancy/0xf015c35649c82f5467c9c74b7f28ee67665aad68.sol,https://github.com/ASSERT-KTH/RepairComp/blob/main/results/smartbugs/SolGPT/reentrancy/0xf015c35649c82f5467c9c74b7f28ee67665aad68/0xf015c35649c82f5467c9c74b7f28ee67665aad68_1round.diff,https://github.com/ASSERT-KTH/sb-heists/tree/main/smartbugs-curated/0.4.x/test/reentrancy/0xf015c35649c82f5467c9c74b7f28ee67665aad68_test.js
896,0xf015c35649c82f5467c9c74b7f28ee67665aad68_2round.sol,0xf015c35649c82f5467c9c74b7f28ee67665aad68.sol,reentrancy,SolGPT,True,True,1.0,1.0,True,passed,yes,https://github.com/ASSERT-KTH/RepairComp/blob/main/results/smartbugs/SolGPT/reentrancy/0xf015c35649c82f5467c9c74b7f28ee67665aad68/0xf015c35649c82f5467c9c74b7f28ee67665aad68_2round.sol,https://github.com/smartbugs/smartbugs-curated/tree/main/dataset/reentrancy/0xf015c35649c82f5467c9c74b7f28ee67665aad68.sol,https://github.com/ASSERT-KTH/RepairComp/blob/main/results/smartbugs/SolGPT/reentrancy/0xf015c35649c82f5467c9c74b7f28ee67665aad68/0xf015c35649c82f5467c9c74b7f28ee67665aad68_2round.diff,https://github.com/ASSERT-KTH/sb-heists/tree/main/smartbugs-curated/0.4.x/test/reentrancy/0xf015c35649c82f5467c9c74b7f28ee67665aad68_test.js
897,0xf015c35649c82f5467c9c74b7f28ee67665aad68_4round.sol,0xf015c35649c82f5467c9c74b7f28ee67665aad68.sol,reentrancy,SolGPT,True,True,1.0,1.0,True,passed,yes,https://github.com/ASSERT-KTH/RepairComp/blob/main/results/smartbugs/SolGPT/reentrancy/0xf015c35649c82f5467c9c74b7f28ee67665aad68/0xf015c35649c82f5467c9c74b7f28ee67665aad68_4round.sol,https://github.com/smartbugs/smartbugs-curated/tree/main/dataset/reentrancy/0xf015c35649c82f5467c9c74b7f28ee67665aad68.sol,https://github.com/ASSERT-KTH/RepairComp/blob/main/results/smartbugs/SolGPT/reentrancy/0xf015c35649c82f5467c9c74b7f28ee67665aad68/0xf015c35649c82f5467c9c74b7f28ee67665aad68_4round.diff,https://github.com/ASSERT-KTH/sb-heists/tree/main/smartbugs-curated/0.4.x/test/reentrancy/0xf015c35649c82f5467c9c74b7f28ee67665aad68_test.js
358,0xf015c35649c82f5467c9c74b7f28ee67665aad68.sol,0xf015c35649c82f5467c9c74b7f28ee67665aad68.sol,reentrancy,SmartFix,True,True,1.0,1.0,True,passed,yes,https://github.com/ASSERT-KTH/RepairComp/blob/main/results/smartbugs/SmartFix/reentrancy/0xf015c35649c82f5467c9c74b7f28ee67665aad68/0xf015c35649c82f5467c9c74b7f28ee67665aad68.sol,https://github.com/smartbugs/smartbugs-curated/tree/main/dataset/reentrancy/0xf015c35649c82f5467c9c74b7f28ee67665aad68.sol,https://github.com/ASSERT-KTH/RepairComp/blob/main/results/smartbugs/SmartFix/reentrancy/0xf015c35649c82f5467c9c74b7f28ee67665aad68/0xf015c35649c82f5467c9c74b7f28ee67665aad68.diff,https://github.com/ASSERT-KTH/sb-heists/tree/main/smartbugs-curated/0.4.x/test/reentrancy/0xf015c35649c82f5467c9c74b7f28ee67665aad68_test.js
1252,0xf015c35649c82f5467c9c74b7f28ee67665aad68R1.sol,0xf015c35649c82f5467c9c74b7f28ee67665aad68.sol,reentrancy,TIPS,True,True,1.0,1.0,True,passed,yes,https://github.com/ASSERT-KTH/RepairComp/blob/main/results/smartbugs/TIPS/reentrancy/0xf015c35649c82f5467c9c74b7f28ee67665aad68/0xf015c35649c82f5467c9c74b7f28ee67665aad68R1.sol,https://github.com/smartbugs/smartbugs-curated/tree/main/dataset/reentrancy/0xf015c35649c82f5467c9c74b7f28ee67665aad68.sol,https://github.com/ASSERT-KTH/RepairComp/blob/main/results/smartbugs/TIPS/reentrancy/0xf015c35649c82f5467c9c74b7f28ee67665aad68/0xf015c35649c82f5467c9c74b7f28ee67665aad68R1.diff,https://github.com/ASSERT-KTH/sb-heists/tree/main/smartbugs-curated/0.4.x/test/reentrancy/0xf015c35649c82f5467c9c74b7f28ee67665aad68_test.js
284,0xf015c35649c82f5467c9c74b7f28ee67665aad68.sol,0xf015c35649c82f5467c9c74b7f28ee67665aad68.sol,reentrancy,sGuardPlus,True,True,1.0,1.0,True,passed,yes,https://github.com/ASSERT-KTH/RepairComp/blob/main/results/smartbugs/sGuardPlus/reentrancy/0xf015c35649c82f5467c9c74b7f28ee67665aad68/0xf015c35649c82f5467c9c74b7f28ee67665aad68.sol,https://github.com/smartbugs/smartbugs-curated/tree/main/dataset/reentrancy/0xf015c35649c82f5467c9c74b7f28ee67665aad68.sol,https://github.com/ASSERT-KTH/RepairComp/blob/main/results/smartbugs/sGuardPlus/reentrancy/0xf015c35649c82f5467c9c74b7f28ee67665aad68/0xf015c35649c82f5467c9c74b7f28ee67665aad68.diff,https://github.com/ASSERT-KTH/sb-heists/tree/main/smartbugs-curated/0.4.x/test/reentrancy/0xf015c35649c82f5467c9c74b7f28ee67665aad68_test.js
927,etherstore_3round.sol,etherstore.sol,reentrancy,SolGPT,True,True,1.0,1.0,True,passed,yes,https://github.com/ASSERT-KTH/RepairComp/blob/main/results/smartbugs/SolGPT/reentrancy/etherstore/etherstore_3round.sol,https://github.com/smartbugs/smartbugs-curated/tree/main/dataset/reentrancy/etherstore.sol,https://github.com/ASSERT-KTH/RepairComp/blob/main/results/smartbugs/SolGPT/reentrancy/etherstore/etherstore_3round.diff,https://github.com/ASSERT-KTH/sb-heists/tree/main/smartbugs-curated/0.4.x/test/reentrancy/etherstore_test.js
928,etherstore_1round.sol,etherstore.sol,reentrancy,SolGPT,True,True,1.0,1.0,True,passed,yes,https://github.com/ASSERT-KTH/RepairComp/blob/main/results/smartbugs/SolGPT/reentrancy/etherstore/etherstore_1round.sol,https://github.com/smartbugs/smartbugs-curated/tree/main/dataset/reentrancy/etherstore.sol,https://github.com/ASSERT-KTH/RepairComp/blob/main/results/smartbugs/SolGPT/reentrancy/etherstore/etherstore_1round.diff,https://github.com/ASSERT-KTH/sb-heists/tree/main/smartbugs-curated/0.4.x/test/reentrancy/etherstore_test.js
365,etherstore.sol,etherstore.sol,reentrancy,SmartFix,True,True,1.0,1.0,True,passed,yes,https://github.com/ASSERT-KTH/RepairComp/blob/main/results/smartbugs/SmartFix/reentrancy/etherstore/etherstore.sol,https://github.com/smartbugs/smartbugs-curated/tree/main/dataset/reentrancy/etherstore.sol,https://github.com/ASSERT-KTH/RepairComp/blob/main/results/smartbugs/SmartFix/reentrancy/etherstore/etherstore.diff,https://github.com/ASSERT-KTH/sb-heists/tree/main/smartbugs-curated/0.4.x/test/reentrancy/etherstore_test.js
1268,etherstoreR2.sol,etherstore.sol,reentrancy,TIPS,True,True,1.0,1.0,True,passed,yes,https://github.com/ASSERT-KTH/RepairComp/blob/main/results/smartbugs/TIPS/reentrancy/etherstore/etherstoreR2.sol,https://github.com/smartbugs/smartbugs-curated/tree/main/dataset/reentrancy/etherstore.sol,https://github.com/ASSERT-KTH/RepairComp/blob/main/results/smartbugs/TIPS/reentrancy/etherstore/etherstoreR2.diff,https://github.com/ASSERT-KTH/sb-heists/tree/main/smartbugs-curated/0.4.x/test/reentrancy/etherstore_test.js
1269,etherstoreR1.sol,etherstore.sol,reentrancy,TIPS,True,True,1.0,1.0,True,passed,yes,https://github.com/ASSERT-KTH/RepairComp/blob/main/results/smartbugs/TIPS/reentrancy/etherstore/etherstoreR1.sol,https://github.com/smartbugs/smartbugs-curated/tree/main/dataset/reentrancy/etherstore.sol,https://github.com/ASSERT-KTH/RepairComp/blob/main/results/smartbugs/TIPS/reentrancy/etherstore/etherstoreR1.diff,https://github.com/ASSERT-KTH/sb-heists/tree/main/smartbugs-curated/0.4.x/test/reentrancy/etherstore_test.js
291,etherstore.sol,etherstore.sol,reentrancy,sGuardPlus,True,True,1.0,1.0,True,passed,yes,https://github.com/ASSERT-KTH/RepairComp/blob/main/results/smartbugs/sGuardPlus/reentrancy/etherstore/etherstore.sol,https://github.com/smartbugs/smartbugs-curated/tree/main/dataset/reentrancy/etherstore.sol,https://github.com/ASSERT-KTH/RepairComp/blob/main/results/smartbugs/sGuardPlus/reentrancy/etherstore/etherstore.diff,https://github.com/ASSERT-KTH/sb-heists/tree/main/smartbugs-curated/0.4.x/test/reentrancy/etherstore_test.js
375,modifier_reentrancy.sol,modifier_reentrancy.sol,reentrancy,SmartFix,True,True,1.0,1.0,True,passed,yes,https://github.com/ASSERT-KTH/RepairComp/blob/main/results/smartbugs/SmartFix/reentrancy/modifier_reentrancy/modifier_reentrancy.sol,https://github.com/smartbugs/smartbugs-curated/tree/main/dataset/reentrancy/modifier_reentrancy.sol,https://github.com/ASSERT-KTH/RepairComp/blob/main/results/smartbugs/SmartFix/reentrancy/modifier_reentrancy/modifier_reentrancy.diff,https://github.com/ASSERT-KTH/sb-heists/tree/main/smartbugs-curated/0.4.x/test/reentrancy/modifier_reentrancy_test.js
935,reentrance_1round.sol,reentrance.sol,reentrancy,SolGPT,True,True,1.0,1.0,True,passed,yes,https://github.com/ASSERT-KTH/RepairComp/blob/main/results/smartbugs/SolGPT/reentrancy/reentrance/reentrance_1round.sol,https://github.com/smartbugs/smartbugs-curated/tree/main/dataset/reentrancy/reentrance.sol,https://github.com/ASSERT-KTH/RepairComp/blob/main/results/smartbugs/SolGPT/reentrancy/reentrance/reentrance_1round.diff,https://github.com/ASSERT-KTH/sb-heists/tree/main/smartbugs-curated/0.4.x/test/reentrancy/reentrance_test.js
936,reentrance_3round.sol,reentrance.sol,reentrancy,SolGPT,True,True,1.0,1.0,True,passed,yes,https://github.com/ASSERT-KTH/RepairComp/blob/main/results/smartbugs/SolGPT/reentrancy/reentrance/reentrance_3round.sol,https://github.com/smartbugs/smartbugs-curated/tree/main/dataset/reentrancy/reentrance.sol,https://github.com/ASSERT-KTH/RepairComp/blob/main/results/smartbugs/SolGPT/reentrancy/reentrance/reentrance_3round.diff,https://github.com/ASSERT-KTH/sb-heists/tree/main/smartbugs-curated/0.4.x/test/reentrancy/reentrance_test.js
937,reentrance_4round.sol,reentrance.sol,reentrancy,SolGPT,True,True,1.0,1.0,True,passed,yes,https://github.com/ASSERT-KTH/RepairComp/blob/main/results/smartbugs/SolGPT/reentrancy/reentrance/reentrance_4round.sol,https://github.com/smartbugs/smartbugs-curated/tree/main/dataset/reentrancy/reentrance.sol,https://github.com/ASSERT-KTH/RepairComp/blob/main/results/smartbugs/SolGPT/reentrancy/reentrance/reentrance_4round.diff,https://github.com/ASSERT-KTH/sb-heists/tree/main/smartbugs-curated/0.4.x/test/reentrancy/reentrance_test.js
938,reentrance_2round.sol,reentrance.sol,reentrancy,SolGPT,True,True,1.0,1.0,True,passed,yes,https://github.com/ASSERT-KTH/RepairComp/blob/main/results/smartbugs/SolGPT/reentrancy/reentrance/reentrance_2round.sol,https://github.com/smartbugs/smartbugs-curated/tree/main/dataset/reentrancy/reentrance.sol,https://github.com/ASSERT-KTH/RepairComp/blob/main/results/smartbugs/SolGPT/reentrancy/reentrance/reentrance_2round.diff,https://github.com/ASSERT-KTH/sb-heists/tree/main/smartbugs-curated/0.4.x/test/reentrancy/reentrance_test.js
367,reentrance.sol,reentrance.sol,reentrancy,SmartFix,True,True,1.0,1.0,True,passed,yes,https://github.com/ASSERT-KTH/RepairComp/blob/main/results/smartbugs/SmartFix/reentrancy/reentrance/reentrance.sol,https://github.com/smartbugs/smartbugs-curated/tree/main/dataset/reentrancy/reentrance.sol,https://github.com/ASSERT-KTH/RepairComp/blob/main/results/smartbugs/SmartFix/reentrancy/reentrance/reentrance.diff,https://github.com/ASSERT-KTH/sb-heists/tree/main/smartbugs-curated/0.4.x/test/reentrancy/reentrance_test.js
1272,reentranceR1.sol,reentrance.sol,reentrancy,TIPS,True,True,1.0,1.0,True,passed,yes,https://github.com/ASSERT-KTH/RepairComp/blob/main/results/smartbugs/TIPS/reentrancy/reentrance/reentranceR1.sol,https://github.com/smartbugs/smartbugs-curated/tree/main/dataset/reentrancy/reentrance.sol,https://github.com/ASSERT-KTH/RepairComp/blob/main/results/smartbugs/TIPS/reentrancy/reentrance/reentranceR1.diff,https://github.com/ASSERT-KTH/sb-heists/tree/main/smartbugs-curated/0.4.x/test/reentrancy/reentrance_test.js
1273,reentranceR2.sol,reentrance.sol,reentrancy,TIPS,True,True,1.0,1.0,True,passed,yes,https://github.com/ASSERT-KTH/RepairComp/blob/main/results/smartbugs/TIPS/reentrancy/reentrance/reentranceR2.sol,https://github.com/smartbugs/smartbugs-curated/tree/main/dataset/reentrancy/reentrance.sol,https://github.com/ASSERT-KTH/RepairComp/blob/main/results/smartbugs/TIPS/reentrancy/reentrance/reentranceR2.diff,https://github.com/ASSERT-KTH/sb-heists/tree/main/smartbugs-curated/0.4.x/test/reentrancy/reentrance_test.js
293,reentrance.sol,reentrance.sol,reentrancy,sGuardPlus,True,True,1.0,1.0,True,passed,yes,https://github.com/ASSERT-KTH/RepairComp/blob/main/results/smartbugs/sGuardPlus/reentrancy/reentrance/reentrance.sol,https://github.com/smartbugs/smartbugs-curated/tree/main/dataset/reentrancy/reentrance.sol,https://github.com/ASSERT-KTH/RepairComp/blob/main/results/smartbugs/sGuardPlus/reentrancy/reentrance/reentrance.diff,https://github.com/ASSERT-KTH/sb-heists/tree/main/smartbugs-curated/0.4.x/test/reentrancy/reentrance_test.js
883,reentrancy_bonus_1round.sol,reentrancy_bonus.sol,reentrancy,SolGPT,True,True,1.0,1.0,True,passed,yes,https://github.com/ASSERT-KTH/RepairComp/blob/main/results/smartbugs/SolGPT/reentrancy/reentrancy_bonus/reentrancy_bonus_1round.sol,https://github.com/smartbugs/smartbugs-curated/tree/main/dataset/reentrancy/reentrancy_bonus.sol,https://github.com/ASSERT-KTH/RepairComp/blob/main/results/smartbugs/SolGPT/reentrancy/reentrancy_bonus/reentrancy_bonus_1round.diff,https://github.com/ASSERT-KTH/sb-heists/tree/main/smartbugs-curated/0.4.x/test/reentrancy/reentrancy_bonus_test.js
884,reentrancy_bonus_4round.sol,reentrancy_bonus.sol,reentrancy,SolGPT,True,True,1.0,1.0,True,passed,yes,https://github.com/ASSERT-KTH/RepairComp/blob/main/results/smartbugs/SolGPT/reentrancy/reentrancy_bonus/reentrancy_bonus_4round.sol,https://github.com/smartbugs/smartbugs-curated/tree/main/dataset/reentrancy/reentrancy_bonus.sol,https://github.com/ASSERT-KTH/RepairComp/blob/main/results/smartbugs/SolGPT/reentrancy/reentrancy_bonus/reentrancy_bonus_4round.diff,https://github.com/ASSERT-KTH/sb-heists/tree/main/smartbugs-curated/0.4.x/test/reentrancy/reentrancy_bonus_test.js
885,reentrancy_bonus_3round.sol,reentrancy_bonus.sol,reentrancy,SolGPT,True,True,1.0,1.0,True,passed,yes,https://github.com/ASSERT-KTH/RepairComp/blob/main/results/smartbugs/SolGPT/reentrancy/reentrancy_bonus/reentrancy_bonus_3round.sol,https://github.com/smartbugs/smartbugs-curated/tree/main/dataset/reentrancy/reentrancy_bonus.sol,https://github.com/ASSERT-KTH/RepairComp/blob/main/results/smartbugs/SolGPT/reentrancy/reentrancy_bonus/reentrancy_bonus_3round.diff,https://github.com/ASSERT-KTH/sb-heists/tree/main/smartbugs-curated/0.4.x/test/reentrancy/reentrancy_bonus_test.js
886,reentrancy_bonus_2round.sol,reentrancy_bonus.sol,reentrancy,SolGPT,True,True,1.0,1.0,True,passed,yes,https://github.com/ASSERT-KTH/RepairComp/blob/main/results/smartbugs/SolGPT/reentrancy/reentrancy_bonus/reentrancy_bonus_2round.sol,https://github.com/smartbugs/smartbugs-curated/tree/main/dataset/reentrancy/reentrancy_bonus.sol,https://github.com/ASSERT-KTH/RepairComp/blob/main/results/smartbugs/SolGPT/reentrancy/reentrancy_bonus/reentrancy_bonus_2round.diff,https://github.com/ASSERT-KTH/sb-heists/tree/main/smartbugs-curated/0.4.x/test/reentrancy/reentrancy_bonus_test.js
356,reentrancy_bonus.sol,reentrancy_bonus.sol,reentrancy,SmartFix,True,True,1.0,1.0,True,passed,yes,https://github.com/ASSERT-KTH/RepairComp/blob/main/results/smartbugs/SmartFix/reentrancy/reentrancy_bonus/reentrancy_bonus.sol,https://github.com/smartbugs/smartbugs-curated/tree/main/dataset/reentrancy/reentrancy_bonus.sol,https://github.com/ASSERT-KTH/RepairComp/blob/main/results/smartbugs/SmartFix/reentrancy/reentrancy_bonus/reentrancy_bonus.diff,https://github.com/ASSERT-KTH/sb-heists/tree/main/smartbugs-curated/0.4.x/test/reentrancy/reentrancy_bonus_test.js
1247,reentrancy_bonusR2.sol,reentrancy_bonus.sol,reentrancy,TIPS,True,True,1.0,1.0,True,passed,yes,https://github.com/ASSERT-KTH/RepairComp/blob/main/results/smartbugs/TIPS/reentrancy/reentrancy_bonus/reentrancy_bonusR2.sol,https://github.com/smartbugs/smartbugs-curated/tree/main/dataset/reentrancy/reentrancy_bonus.sol,https://github.com/ASSERT-KTH/RepairComp/blob/main/results/smartbugs/TIPS/reentrancy/reentrancy_bonus/reentrancy_bonusR2.diff,https://github.com/ASSERT-KTH/sb-heists/tree/main/smartbugs-curated/0.4.x/test/reentrancy/reentrancy_bonus_test.js
281,reentrancy_bonus.sol,reentrancy_bonus.sol,reentrancy,sGuardPlus,True,True,1.0,1.0,True,passed,yes,https://github.com/ASSERT-KTH/RepairComp/blob/main/results/smartbugs/sGuardPlus/reentrancy/reentrancy_bonus/reentrancy_bonus.sol,https://github.com/smartbugs/smartbugs-curated/tree/main/dataset/reentrancy/reentrancy_bonus.sol,https://github.com/ASSERT-KTH/RepairComp/blob/main/results/smartbugs/sGuardPlus/reentrancy/reentrancy_bonus/reentrancy_bonus.diff,https://github.com/ASSERT-KTH/sb-heists/tree/main/smartbugs-curated/0.4.x/test/reentrancy/reentrancy_bonus_test.js
947,reentrancy_dao_3round.sol,reentrancy_dao.sol,reentrancy,SolGPT,True,True,1.0,1.0,True,passed,yes,https://github.com/ASSERT-KTH/RepairComp/blob/main/results/smartbugs/SolGPT/reentrancy/reentrancy_dao/reentrancy_dao_3round.sol,https://github.com/smartbugs/smartbugs-curated/tree/main/dataset/reentrancy/reentrancy_dao.sol,https://github.com/ASSERT-KTH/RepairComp/blob/main/results/smartbugs/SolGPT/reentrancy/reentrancy_dao/reentrancy_dao_3round.diff,https://github.com/ASSERT-KTH/sb-heists/tree/main/smartbugs-curated/0.4.x/test/reentrancy/reentrancy_dao_test.js
949,reentrancy_dao_1round.sol,reentrancy_dao.sol,reentrancy,SolGPT,True,True,1.0,1.0,True,passed,yes,https://github.com/ASSERT-KTH/RepairComp/blob/main/results/smartbugs/SolGPT/reentrancy/reentrancy_dao/reentrancy_dao_1round.sol,https://github.com/smartbugs/smartbugs-curated/tree/main/dataset/reentrancy/reentrancy_dao.sol,https://github.com/ASSERT-KTH/RepairComp/blob/main/results/smartbugs/SolGPT/reentrancy/reentrancy_dao/reentrancy_dao_1round.diff,https://github.com/ASSERT-KTH/sb-heists/tree/main/smartbugs-curated/0.4.x/test/reentrancy/reentrancy_dao_test.js
950,reentrancy_dao_4round.sol,reentrancy_dao.sol,reentrancy,SolGPT,True,True,1.0,1.0,True,passed,yes,https://github.com/ASSERT-KTH/RepairComp/blob/main/results/smartbugs/SolGPT/reentrancy/reentrancy_dao/reentrancy_dao_4round.sol,https://github.com/smartbugs/smartbugs-curated/tree/main/dataset/reentrancy/reentrancy_dao.sol,https://github.com/ASSERT-KTH/RepairComp/blob/main/results/smartbugs/SolGPT/reentrancy/reentrancy_dao/reentrancy_dao_4round.diff,https://github.com/ASSERT-KTH/sb-heists/tree/main/smartbugs-curated/0.4.x/test/reentrancy/reentrancy_dao_test.js
948,reentrancy_dao_2round.sol,reentrancy_dao.sol,reentrancy,SolGPT,True,True,1.0,1.0,True,passed,yes,https://github.com/ASSERT-KTH/RepairComp/blob/main/results/smartbugs/SolGPT/reentrancy/reentrancy_dao/reentrancy_dao_2round.sol,https://github.com/smartbugs/smartbugs-curated/tree/main/dataset/reentrancy/reentrancy_dao.sol,https://github.com/ASSERT-KTH/RepairComp/blob/main/results/smartbugs/SolGPT/reentrancy/reentrancy_dao/reentrancy_dao_2round.diff,https://github.com/ASSERT-KTH/sb-heists/tree/main/smartbugs-curated/0.4.x/test/reentrancy/reentrancy_dao_test.js
370,reentrancy_dao.sol,reentrancy_dao.sol,reentrancy,SmartFix,True,True,1.0,1.0,True,passed,yes,https://github.com/ASSERT-KTH/RepairComp/blob/main/results/smartbugs/SmartFix/reentrancy/reentrancy_dao/reentrancy_dao.sol,https://github.com/smartbugs/smartbugs-curated/tree/main/dataset/reentrancy/reentrancy_dao.sol,https://github.com/ASSERT-KTH/RepairComp/blob/main/results/smartbugs/SmartFix/reentrancy/reentrancy_dao/reentrancy_dao.diff,https://github.com/ASSERT-KTH/sb-heists/tree/main/smartbugs-curated/0.4.x/test/reentrancy/reentrancy_dao_test.js
1278,reentrancy_daoR1.sol,reentrancy_dao.sol,reentrancy,TIPS,True,True,1.0,1.0,True,passed,yes,https://github.com/ASSERT-KTH/RepairComp/blob/main/results/smartbugs/TIPS/reentrancy/reentrancy_dao/reentrancy_daoR1.sol,https://github.com/smartbugs/smartbugs-curated/tree/main/dataset/reentrancy/reentrancy_dao.sol,https://github.com/ASSERT-KTH/RepairComp/blob/main/results/smartbugs/TIPS/reentrancy/reentrancy_dao/reentrancy_daoR1.diff,https://github.com/ASSERT-KTH/sb-heists/tree/main/smartbugs-curated/0.4.x/test/reentrancy/reentrancy_dao_test.js
1279,reentrancy_daoR2.sol,reentrancy_dao.sol,reentrancy,TIPS,True,True,1.0,1.0,True,passed,yes,https://github.com/ASSERT-KTH/RepairComp/blob/main/results/smartbugs/TIPS/reentrancy/reentrancy_dao/reentrancy_daoR2.sol,https://github.com/smartbugs/smartbugs-curated/tree/main/dataset/reentrancy/reentrancy_dao.sol,https://github.com/ASSERT-KTH/RepairComp/blob/main/results/smartbugs/TIPS/reentrancy/reentrancy_dao/reentrancy_daoR2.diff,https://github.com/ASSERT-KTH/sb-heists/tree/main/smartbugs-curated/0.4.x/test/reentrancy/reentrancy_dao_test.js
296,reentrancy_dao.sol,reentrancy_dao.sol,reentrancy,sGuardPlus,True,True,1.0,1.0,True,passed,yes,https://github.com/ASSERT-KTH/RepairComp/blob/main/results/smartbugs/sGuardPlus/reentrancy/reentrancy_dao/reentrancy_dao.sol,https://github.com/smartbugs/smartbugs-curated/tree/main/dataset/reentrancy/reentrancy_dao.sol,https://github.com/ASSERT-KTH/RepairComp/blob/main/results/smartbugs/sGuardPlus/reentrancy/reentrancy_dao/reentrancy_dao.diff,https://github.com/ASSERT-KTH/sb-heists/tree/main/smartbugs-curated/0.4.x/test/reentrancy/reentrancy_dao_test.js
348,reentrancy_simple.sol,reentrancy_simple.sol,reentrancy,SmartFix,True,True,1.0,1.0,True,passed,yes,https://github.com/ASSERT-KTH/RepairComp/blob/main/results/smartbugs/SmartFix/reentrancy/reentrancy_simple/reentrancy_simple.sol,https://github.com/smartbugs/smartbugs-curated/tree/main/dataset/reentrancy/reentrancy_simple.sol,https://github.com/ASSERT-KTH/RepairComp/blob/main/results/smartbugs/SmartFix/reentrancy/reentrancy_simple/reentrancy_simple.diff,https://github.com/ASSERT-KTH/sb-heists/tree/main/smartbugs-curated/0.4.x/test/reentrancy/reentrancy_simple_test.js
1228,reentrancy_simpleR1.sol,reentrancy_simple.sol,reentrancy,TIPS,True,True,1.0,1.0,True,passed,yes,https://github.com/ASSERT-KTH/RepairComp/blob/main/results/smartbugs/TIPS/reentrancy/reentrancy_simple/reentrancy_simpleR1.sol,https://github.com/smartbugs/smartbugs-curated/tree/main/dataset/reentrancy/reentrancy_simple.sol,https://github.com/ASSERT-KTH/RepairComp/blob/main/results/smartbugs/TIPS/reentrancy/reentrancy_simple/reentrancy_simpleR1.diff,https://github.com/ASSERT-KTH/sb-heists/tree/main/smartbugs-curated/0.4.x/test/reentrancy/reentrancy_simple_test.js
272,reentrancy_simple.sol,reentrancy_simple.sol,reentrancy,sGuardPlus,True,True,1.0,1.0,True,passed,yes,https://github.com/ASSERT-KTH/RepairComp/blob/main/results/smartbugs/sGuardPlus/reentrancy/reentrancy_simple/reentrancy_simple.sol,https://github.com/smartbugs/smartbugs-curated/tree/main/dataset/reentrancy/reentrancy_simple.sol,https://github.com/ASSERT-KTH/RepairComp/blob/main/results/smartbugs/sGuardPlus/reentrancy/reentrancy_simple/reentrancy_simple.diff,https://github.com/ASSERT-KTH/sb-heists/tree/main/smartbugs-curated/0.4.x/test/reentrancy/reentrancy_simple_test.js
911,simple_dao_2round.sol,simple_dao.sol,reentrancy,SolGPT,True,True,1.0,1.0,True,passed,yes,https://github.com/ASSERT-KTH/RepairComp/blob/main/results/smartbugs/SolGPT/reentrancy/simple_dao/simple_dao_2round.sol,https://github.com/smartbugs/smartbugs-curated/tree/main/dataset/reentrancy/simple_dao.sol,https://github.com/ASSERT-KTH/RepairComp/blob/main/results/smartbugs/SolGPT/reentrancy/simple_dao/simple_dao_2round.diff,https://github.com/ASSERT-KTH/sb-heists/tree/main/smartbugs-curated/0.4.x/test/reentrancy/simple_dao_test.js
912,simple_dao_1round.sol,simple_dao.sol,reentrancy,SolGPT,True,True,1.0,1.0,True,passed,yes,https://github.com/ASSERT-KTH/RepairComp/blob/main/results/smartbugs/SolGPT/reentrancy/simple_dao/simple_dao_1round.sol,https://github.com/smartbugs/smartbugs-curated/tree/main/dataset/reentrancy/simple_dao.sol,https://github.com/ASSERT-KTH/RepairComp/blob/main/results/smartbugs/SolGPT/reentrancy/simple_dao/simple_dao_1round.diff,https://github.com/ASSERT-KTH/sb-heists/tree/main/smartbugs-curated/0.4.x/test/reentrancy/simple_dao_test.js
913,simple_dao_4round.sol,simple_dao.sol,reentrancy,SolGPT,True,True,1.0,1.0,True,passed,yes,https://github.com/ASSERT-KTH/RepairComp/blob/main/results/smartbugs/SolGPT/reentrancy/simple_dao/simple_dao_4round.sol,https://github.com/smartbugs/smartbugs-curated/tree/main/dataset/reentrancy/simple_dao.sol,https://github.com/ASSERT-KTH/RepairComp/blob/main/results/smartbugs/SolGPT/reentrancy/simple_dao/simple_dao_4round.diff,https://github.com/ASSERT-KTH/sb-heists/tree/main/smartbugs-curated/0.4.x/test/reentrancy/simple_dao_test.js
914,simple_dao_3round.sol,simple_dao.sol,reentrancy,SolGPT,True,True,1.0,1.0,True,passed,yes,https://github.com/ASSERT-KTH/RepairComp/blob/main/results/smartbugs/SolGPT/reentrancy/simple_dao/simple_dao_3round.sol,https://github.com/smartbugs/smartbugs-curated/tree/main/dataset/reentrancy/simple_dao.sol,https://github.com/ASSERT-KTH/RepairComp/blob/main/results/smartbugs/SolGPT/reentrancy/simple_dao/simple_dao_3round.diff,https://github.com/ASSERT-KTH/sb-heists/tree/main/smartbugs-curated/0.4.x/test/reentrancy/simple_dao_test.js
362,simple_dao.sol,simple_dao.sol,reentrancy,SmartFix,True,True,1.0,1.0,True,passed,yes,https://github.com/ASSERT-KTH/RepairComp/blob/main/results/smartbugs/SmartFix/reentrancy/simple_dao/simple_dao.sol,https://github.com/smartbugs/smartbugs-curated/tree/main/dataset/reentrancy/simple_dao.sol,https://github.com/ASSERT-KTH/RepairComp/blob/main/results/smartbugs/SmartFix/reentrancy/simple_dao/simple_dao.diff,https://github.com/ASSERT-KTH/sb-heists/tree/main/smartbugs-curated/0.4.x/test/reentrancy/simple_dao_test.js
1260,simple_daoR1.sol,simple_dao.sol,reentrancy,TIPS,True,True,1.0,1.0,True,passed,yes,https://github.com/ASSERT-KTH/RepairComp/blob/main/results/smartbugs/TIPS/reentrancy/simple_dao/simple_daoR1.sol,https://github.com/smartbugs/smartbugs-curated/tree/main/dataset/reentrancy/simple_dao.sol,https://github.com/ASSERT-KTH/RepairComp/blob/main/results/smartbugs/TIPS/reentrancy/simple_dao/simple_daoR1.diff,https://github.com/ASSERT-KTH/sb-heists/tree/main/smartbugs-curated/0.4.x/test/reentrancy/simple_dao_test.js
1261,simple_daoR2.sol,simple_dao.sol,reentrancy,TIPS,True,True,1.0,1.0,True,passed,yes,https://github.com/ASSERT-KTH/RepairComp/blob/main/results/smartbugs/TIPS/reentrancy/simple_dao/simple_daoR2.sol,https://github.com/smartbugs/smartbugs-curated/tree/main/dataset/reentrancy/simple_dao.sol,https://github.com/ASSERT-KTH/RepairComp/blob/main/results/smartbugs/TIPS/reentrancy/simple_dao/simple_daoR2.diff,https://github.com/ASSERT-KTH/sb-heists/tree/main/smartbugs-curated/0.4.x/test/reentrancy/simple_dao_test.js
288,simple_dao.sol,simple_dao.sol,reentrancy,sGuardPlus,True,True,1.0,1.0,True,passed,yes,https://github.com/ASSERT-KTH/RepairComp/blob/main/results/smartbugs/sGuardPlus/reentrancy/simple_dao/simple_dao.sol,https://github.com/smartbugs/smartbugs-curated/tree/main/dataset/reentrancy/simple_dao.sol,https://github.com/ASSERT-KTH/RepairComp/blob/main/results/smartbugs/sGuardPlus/reentrancy/simple_dao/simple_dao.diff,https://github.com/ASSERT-KTH/sb-heists/tree/main/smartbugs-curated/0.4.x/test/reentrancy/simple_dao_test.js
646,0x07f7ecb66d788ab01dc93b9b71a88401de7d0f2e_3round.sol,0x07f7ecb66d788ab01dc93b9b71a88401de7d0f2e.sol,unchecked_low_level_calls,SolGPT,True,True,2.0,2.0,True,passed,yes,https://github.com/ASSERT-KTH/RepairComp/blob/main/results/smartbugs/SolGPT/unchecked_low_level_calls/0x07f7ecb66d788ab01dc93b9b71a88401de7d0f2e/0x07f7ecb66d788ab01dc93b9b71a88401de7d0f2e_3round.sol,https://github.com/smartbugs/smartbugs-curated/tree/main/dataset/unchecked_low_level_calls/0x07f7ecb66d788ab01dc93b9b71a88401de7d0f2e.sol,https://github.com/ASSERT-KTH/RepairComp/blob/main/results/smartbugs/SolGPT/unchecked_low_level_calls/0x07f7ecb66d788ab01dc93b9b71a88401de7d0f2e/0x07f7ecb66d788ab01dc93b9b71a88401de7d0f2e_3round.diff,https://github.com/ASSERT-KTH/sb-heists/tree/main/smartbugs-curated/0.4.x/test/unchecked_low_level_calls/0x07f7ecb66d788ab01dc93b9b71a88401de7d0f2e_test.js
1147,0x07f7ecb66d788ab01dc93b9b71a88401de7d0f2eU1.sol,0x07f7ecb66d788ab01dc93b9b71a88401de7d0f2e.sol,unchecked_low_level_calls,TIPS,True,True,2.0,2.0,True,passed,yes,https://github.com/ASSERT-KTH/RepairComp/blob/main/results/smartbugs/TIPS/unchecked_low_level_calls/0x07f7ecb66d788ab01dc93b9b71a88401de7d0f2e/0x07f7ecb66d788ab01dc93b9b71a88401de7d0f2eU1.sol,https://github.com/smartbugs/smartbugs-curated/tree/main/dataset/unchecked_low_level_calls/0x07f7ecb66d788ab01dc93b9b71a88401de7d0f2e.sol,https://github.com/ASSERT-KTH/RepairComp/blob/main/results/smartbugs/TIPS/unchecked_low_level_calls/0x07f7ecb66d788ab01dc93b9b71a88401de7d0f2e/0x07f7ecb66d788ab01dc93b9b71a88401de7d0f2eU1.diff,https://github.com/ASSERT-KTH/sb-heists/tree/main/smartbugs-curated/0.4.x/test/unchecked_low_level_calls/0x07f7ecb66d788ab01dc93b9b71a88401de7d0f2e_test.js
1146,0x07f7ecb66d788ab01dc93b9b71a88401de7d0f2eU2.sol,0x07f7ecb66d788ab01dc93b9b71a88401de7d0f2e.sol,unchecked_low_level_calls,TIPS,True,True,2.0,2.0,True,passed,yes,https://github.com/ASSERT-KTH/RepairComp/blob/main/results/smartbugs/TIPS/unchecked_low_level_calls/0x07f7ecb66d788ab01dc93b9b71a88401de7d0f2e/0x07f7ecb66d788ab01dc93b9b71a88401de7d0f2eU2.sol,https://github.com/smartbugs/smartbugs-curated/tree/main/dataset/unchecked_low_level_calls/0x07f7ecb66d788ab01dc93b9b71a88401de7d0f2e.sol,https://github.com/ASSERT-KTH/RepairComp/blob/main/results/smartbugs/TIPS/unchecked_low_level_calls/0x07f7ecb66d788ab01dc93b9b71a88401de7d0f2e/0x07f7ecb66d788ab01dc93b9b71a88401de7d0f2eU2.diff,https://github.com/ASSERT-KTH/sb-heists/tree/main/smartbugs-curated/0.4.x/test/unchecked_low_level_calls/0x07f7ecb66d788ab01dc93b9b71a88401de7d0f2e_test.js
735,0x2972d548497286d18e92b5fa1f8f9139e5653fd2_4round.sol,0x2972d548497286d18e92b5fa1f8f9139e5653fd2.sol,unchecked_low_level_calls,SolGPT,True,True,1.0,1.0,True,passed,yes,https://github.com/ASSERT-KTH/RepairComp/blob/main/results/smartbugs/SolGPT/unchecked_low_level_calls/0x2972d548497286d18e92b5fa1f8f9139e5653fd2/0x2972d548497286d18e92b5fa1f8f9139e5653fd2_4round.sol,https://github.com/smartbugs/smartbugs-curated/tree/main/dataset/unchecked_low_level_calls/0x2972d548497286d18e92b5fa1f8f9139e5653fd2.sol,https://github.com/ASSERT-KTH/RepairComp/blob/main/results/smartbugs/SolGPT/unchecked_low_level_calls/0x2972d548497286d18e92b5fa1f8f9139e5653fd2/0x2972d548497286d18e92b5fa1f8f9139e5653fd2_4round.diff,https://github.com/ASSERT-KTH/sb-heists/tree/main/smartbugs-curated/0.4.x/test/unchecked_low_level_calls/0x2972d548497286d18e92b5fa1f8f9139e5653fd2_test.js
734,0x2972d548497286d18e92b5fa1f8f9139e5653fd2_1round.sol,0x2972d548497286d18e92b5fa1f8f9139e5653fd2.sol,unchecked_low_level_calls,SolGPT,True,True,1.0,1.0,True,passed,yes,https://github.com/ASSERT-KTH/RepairComp/blob/main/results/smartbugs/SolGPT/unchecked_low_level_calls/0x2972d548497286d18e92b5fa1f8f9139e5653fd2/0x2972d548497286d18e92b5fa1f8f9139e5653fd2_1round.sol,https://github.com/smartbugs/smartbugs-curated/tree/main/dataset/unchecked_low_level_calls/0x2972d548497286d18e92b5fa1f8f9139e5653fd2.sol,https://github.com/ASSERT-KTH/RepairComp/blob/main/results/smartbugs/SolGPT/unchecked_low_level_calls/0x2972d548497286d18e92b5fa1f8f9139e5653fd2/0x2972d548497286d18e92b5fa1f8f9139e5653fd2_1round.diff,https://github.com/ASSERT-KTH/sb-heists/tree/main/smartbugs-curated/0.4.x/test/unchecked_low_level_calls/0x2972d548497286d18e92b5fa1f8f9139e5653fd2_test.js
733,0x2972d548497286d18e92b5fa1f8f9139e5653fd2_3round.sol,0x2972d548497286d18e92b5fa1f8f9139e5653fd2.sol,unchecked_low_level_calls,SolGPT,True,True,1.0,1.0,True,passed,yes,https://github.com/ASSERT-KTH/RepairComp/blob/main/results/smartbugs/SolGPT/unchecked_low_level_calls/0x2972d548497286d18e92b5fa1f8f9139e5653fd2/0x2972d548497286d18e92b5fa1f8f9139e5653fd2_3round.sol,https://github.com/smartbugs/smartbugs-curated/tree/main/dataset/unchecked_low_level_calls/0x2972d548497286d18e92b5fa1f8f9139e5653fd2.sol,https://github.com/ASSERT-KTH/RepairComp/blob/main/results/smartbugs/SolGPT/unchecked_low_level_calls/0x2972d548497286d18e92b5fa1f8f9139e5653fd2/0x2972d548497286d18e92b5fa1f8f9139e5653fd2_3round.diff,https://github.com/ASSERT-KTH/sb-heists/tree/main/smartbugs-curated/0.4.x/test/unchecked_low_level_calls/0x2972d548497286d18e92b5fa1f8f9139e5653fd2_test.js
732,0x2972d548497286d18e92b5fa1f8f9139e5653fd2_2round.sol,0x2972d548497286d18e92b5fa1f8f9139e5653fd2.sol,unchecked_low_level_calls,SolGPT,True,True,1.0,1.0,True,passed,yes,https://github.com/ASSERT-KTH/RepairComp/blob/main/results/smartbugs/SolGPT/unchecked_low_level_calls/0x2972d548497286d18e92b5fa1f8f9139e5653fd2/0x2972d548497286d18e92b5fa1f8f9139e5653fd2_2round.sol,https://github.com/smartbugs/smartbugs-curated/tree/main/dataset/unchecked_low_level_calls/0x2972d548497286d18e92b5fa1f8f9139e5653fd2.sol,https://github.com/ASSERT-KTH/RepairComp/blob/main/results/smartbugs/SolGPT/unchecked_low_level_calls/0x2972d548497286d18e92b5fa1f8f9139e5653fd2/0x2972d548497286d18e92b5fa1f8f9139e5653fd2_2round.diff,https://github.com/ASSERT-KTH/sb-heists/tree/main/smartbugs-curated/0.4.x/test/unchecked_low_level_calls/0x2972d548497286d18e92b5fa1f8f9139e5653fd2_test.js
1197,0x2972d548497286d18e92b5fa1f8f9139e5653fd2U1.sol,0x2972d548497286d18e92b5fa1f8f9139e5653fd2.sol,unchecked_low_level_calls,TIPS,True,True,1.0,1.0,True,passed,yes,https://github.com/ASSERT-KTH/RepairComp/blob/main/results/smartbugs/TIPS/unchecked_low_level_calls/0x2972d548497286d18e92b5fa1f8f9139e5653fd2/0x2972d548497286d18e92b5fa1f8f9139e5653fd2U1.sol,https://github.com/smartbugs/smartbugs-curated/tree/main/dataset/unchecked_low_level_calls/0x2972d548497286d18e92b5fa1f8f9139e5653fd2.sol,https://github.com/ASSERT-KTH/RepairComp/blob/main/results/smartbugs/TIPS/unchecked_low_level_calls/0x2972d548497286d18e92b5fa1f8f9139e5653fd2/0x2972d548497286d18e92b5fa1f8f9139e5653fd2U1.diff,https://github.com/ASSERT-KTH/sb-heists/tree/main/smartbugs-curated/0.4.x/test/unchecked_low_level_calls/0x2972d548497286d18e92b5fa1f8f9139e5653fd2_test.js
1175,0x39cfd754c85023648bf003bea2dd498c5612abfaU1.sol,0x39cfd754c85023648bf003bea2dd498c5612abfa.sol,unchecked_low_level_calls,TIPS,True,True,1.0,1.0,True,passed,yes,https://github.com/ASSERT-KTH/RepairComp/blob/main/results/smartbugs/TIPS/unchecked_low_level_calls/0x39cfd754c85023648bf003bea2dd498c5612abfa/0x39cfd754c85023648bf003bea2dd498c5612abfaU1.sol,https://github.com/smartbugs/smartbugs-curated/tree/main/dataset/unchecked_low_level_calls/0x39cfd754c85023648bf003bea2dd498c5612abfa.sol,https://github.com/ASSERT-KTH/RepairComp/blob/main/results/smartbugs/TIPS/unchecked_low_level_calls/0x39cfd754c85023648bf003bea2dd498c5612abfa/0x39cfd754c85023648bf003bea2dd498c5612abfaU1.diff,https://github.com/ASSERT-KTH/sb-heists/tree/main/smartbugs-curated/0.4.x/test/unchecked_low_level_calls/0x39cfd754c85023648bf003bea2dd498c5612abfa_test.js
595,0x3a0e9acd953ffc0dd18d63603488846a6b8b2b01_1round.sol,0x3a0e9acd953ffc0dd18d63603488846a6b8b2b01.sol,unchecked_low_level_calls,SolGPT,True,True,1.0,1.0,True,passed,yes,https://github.com/ASSERT-KTH/RepairComp/blob/main/results/smartbugs/SolGPT/unchecked_low_level_calls/0x3a0e9acd953ffc0dd18d63603488846a6b8b2b01/0x3a0e9acd953ffc0dd18d63603488846a6b8b2b01_1round.sol,https://github.com/smartbugs/smartbugs-curated/tree/main/dataset/unchecked_low_level_calls/0x3a0e9acd953ffc0dd18d63603488846a6b8b2b01.sol,https://github.com/ASSERT-KTH/RepairComp/blob/main/results/smartbugs/SolGPT/unchecked_low_level_calls/0x3a0e9acd953ffc0dd18d63603488846a6b8b2b01/0x3a0e9acd953ffc0dd18d63603488846a6b8b2b01_1round.diff,https://github.com/ASSERT-KTH/sb-heists/tree/main/smartbugs-curated/0.4.x/test/unchecked_low_level_calls/0x3a0e9acd953ffc0dd18d63603488846a6b8b2b01_test.js
1121,0x3a0e9acd953ffc0dd18d63603488846a6b8b2b01U1.sol,0x3a0e9acd953ffc0dd18d63603488846a6b8b2b01.sol,unchecked_low_level_calls,TIPS,True,True,1.0,1.0,True,passed,yes,https://github.com/ASSERT-KTH/RepairComp/blob/main/results/smartbugs/TIPS/unchecked_low_level_calls/0x3a0e9acd953ffc0dd18d63603488846a6b8b2b01/0x3a0e9acd953ffc0dd18d63603488846a6b8b2b01U1.sol,https://github.com/smartbugs/smartbugs-curated/tree/main/dataset/unchecked_low_level_calls/0x3a0e9acd953ffc0dd18d63603488846a6b8b2b01.sol,https://github.com/ASSERT-KTH/RepairComp/blob/main/results/smartbugs/TIPS/unchecked_low_level_calls/0x3a0e9acd953ffc0dd18d63603488846a6b8b2b01/0x3a0e9acd953ffc0dd18d63603488846a6b8b2b01U1.diff,https://github.com/ASSERT-KTH/sb-heists/tree/main/smartbugs-curated/0.4.x/test/unchecked_low_level_calls/0x3a0e9acd953ffc0dd18d63603488846a6b8b2b01_test.js
638,0x4051334adc52057aca763453820cb0e045076ef3_4round.sol,0x4051334adc52057aca763453820cb0e045076ef3.sol,unchecked_low_level_calls,SolGPT,True,True,1.0,1.0,True,passed,yes,https://github.com/ASSERT-KTH/RepairComp/blob/main/results/smartbugs/SolGPT/unchecked_low_level_calls/0x4051334adc52057aca763453820cb0e045076ef3/0x4051334adc52057aca763453820cb0e045076ef3_4round.sol,https://github.com/smartbugs/smartbugs-curated/tree/main/dataset/unchecked_low_level_calls/0x4051334adc52057aca763453820cb0e045076ef3.sol,https://github.com/ASSERT-KTH/RepairComp/blob/main/results/smartbugs/SolGPT/unchecked_low_level_calls/0x4051334adc52057aca763453820cb0e045076ef3/0x4051334adc52057aca763453820cb0e045076ef3_4round.diff,https://github.com/ASSERT-KTH/sb-heists/tree/main/smartbugs-curated/0.4.x/test/unchecked_low_level_calls/0x4051334adc52057aca763453820cb0e045076ef3_test.js
637,0x4051334adc52057aca763453820cb0e045076ef3_3round.sol,0x4051334adc52057aca763453820cb0e045076ef3.sol,unchecked_low_level_calls,SolGPT,True,True,1.0,1.0,True,passed,yes,https://github.com/ASSERT-KTH/RepairComp/blob/main/results/smartbugs/SolGPT/unchecked_low_level_calls/0x4051334adc52057aca763453820cb0e045076ef3/0x4051334adc52057aca763453820cb0e045076ef3_3round.sol,https://github.com/smartbugs/smartbugs-curated/tree/main/dataset/unchecked_low_level_calls/0x4051334adc52057aca763453820cb0e045076ef3.sol,https://github.com/ASSERT-KTH/RepairComp/blob/main/results/smartbugs/SolGPT/unchecked_low_level_calls/0x4051334adc52057aca763453820cb0e045076ef3/0x4051334adc52057aca763453820cb0e045076ef3_3round.diff,https://github.com/ASSERT-KTH/sb-heists/tree/main/smartbugs-curated/0.4.x/test/unchecked_low_level_calls/0x4051334adc52057aca763453820cb0e045076ef3_test.js
636,0x4051334adc52057aca763453820cb0e045076ef3_2round.sol,0x4051334adc52057aca763453820cb0e045076ef3.sol,unchecked_low_level_calls,SolGPT,True,True,1.0,1.0,True,passed,yes,https://github.com/ASSERT-KTH/RepairComp/blob/main/results/smartbugs/SolGPT/unchecked_low_level_calls/0x4051334adc52057aca763453820cb0e045076ef3/0x4051334adc52057aca763453820cb0e045076ef3_2round.sol,https://github.com/smartbugs/smartbugs-curated/tree/main/dataset/unchecked_low_level_calls/0x4051334adc52057aca763453820cb0e045076ef3.sol,https://github.com/ASSERT-KTH/RepairComp/blob/main/results/smartbugs/SolGPT/unchecked_low_level_calls/0x4051334adc52057aca763453820cb0e045076ef3/0x4051334adc52057aca763453820cb0e045076ef3_2round.diff,https://github.com/ASSERT-KTH/sb-heists/tree/main/smartbugs-curated/0.4.x/test/unchecked_low_level_calls/0x4051334adc52057aca763453820cb0e045076ef3_test.js
639,0x4051334adc52057aca763453820cb0e045076ef3_1round.sol,0x4051334adc52057aca763453820cb0e045076ef3.sol,unchecked_low_level_calls,SolGPT,True,True,1.0,1.0,True,passed,yes,https://github.com/ASSERT-KTH/RepairComp/blob/main/results/smartbugs/SolGPT/unchecked_low_level_calls/0x4051334adc52057aca763453820cb0e045076ef3/0x4051334adc52057aca763453820cb0e045076ef3_1round.sol,https://github.com/smartbugs/smartbugs-curated/tree/main/dataset/unchecked_low_level_calls/0x4051334adc52057aca763453820cb0e045076ef3.sol,https://github.com/ASSERT-KTH/RepairComp/blob/main/results/smartbugs/SolGPT/unchecked_low_level_calls/0x4051334adc52057aca763453820cb0e045076ef3/0x4051334adc52057aca763453820cb0e045076ef3_1round.diff,https://github.com/ASSERT-KTH/sb-heists/tree/main/smartbugs-curated/0.4.x/test/unchecked_low_level_calls/0x4051334adc52057aca763453820cb0e045076ef3_test.js
1141,0x4051334adc52057aca763453820cb0e045076ef3U1.sol,0x4051334adc52057aca763453820cb0e045076ef3.sol,unchecked_low_level_calls,TIPS,True,True,1.0,1.0,True,passed,yes,https://github.com/ASSERT-KTH/RepairComp/blob/main/results/smartbugs/TIPS/unchecked_low_level_calls/0x4051334adc52057aca763453820cb0e045076ef3/0x4051334adc52057aca763453820cb0e045076ef3U1.sol,https://github.com/smartbugs/smartbugs-curated/tree/main/dataset/unchecked_low_level_calls/0x4051334adc52057aca763453820cb0e045076ef3.sol,https://github.com/ASSERT-KTH/RepairComp/blob/main/results/smartbugs/TIPS/unchecked_low_level_calls/0x4051334adc52057aca763453820cb0e045076ef3/0x4051334adc52057aca763453820cb0e045076ef3U1.diff,https://github.com/ASSERT-KTH/sb-heists/tree/main/smartbugs-curated/0.4.x/test/unchecked_low_level_calls/0x4051334adc52057aca763453820cb0e045076ef3_test.js
551,0x4b71ad9c1a84b9b643aa54fdd66e2dec96e8b152_3round.sol,0x4b71ad9c1a84b9b643aa54fdd66e2dec96e8b152.sol,unchecked_low_level_calls,SolGPT,True,True,1.0,1.0,True,passed,yes,https://github.com/ASSERT-KTH/RepairComp/blob/main/results/smartbugs/SolGPT/unchecked_low_level_calls/0x4b71ad9c1a84b9b643aa54fdd66e2dec96e8b152/0x4b71ad9c1a84b9b643aa54fdd66e2dec96e8b152_3round.sol,https://github.com/smartbugs/smartbugs-curated/tree/main/dataset/unchecked_low_level_calls/0x4b71ad9c1a84b9b643aa54fdd66e2dec96e8b152.sol,https://github.com/ASSERT-KTH/RepairComp/blob/main/results/smartbugs/SolGPT/unchecked_low_level_calls/0x4b71ad9c1a84b9b643aa54fdd66e2dec96e8b152/0x4b71ad9c1a84b9b643aa54fdd66e2dec96e8b152_3round.diff,https://github.com/ASSERT-KTH/sb-heists/tree/main/smartbugs-curated/0.4.x/test/unchecked_low_level_calls/0x4b71ad9c1a84b9b643aa54fdd66e2dec96e8b152_test.js
550,0x4b71ad9c1a84b9b643aa54fdd66e2dec96e8b152_1round.sol,0x4b71ad9c1a84b9b643aa54fdd66e2dec96e8b152.sol,unchecked_low_level_calls,SolGPT,True,True,1.0,1.0,True,passed,yes,https://github.com/ASSERT-KTH/RepairComp/blob/main/results/smartbugs/SolGPT/unchecked_low_level_calls/0x4b71ad9c1a84b9b643aa54fdd66e2dec96e8b152/0x4b71ad9c1a84b9b643aa54fdd66e2dec96e8b152_1round.sol,https://github.com/smartbugs/smartbugs-curated/tree/main/dataset/unchecked_low_level_calls/0x4b71ad9c1a84b9b643aa54fdd66e2dec96e8b152.sol,https://github.com/ASSERT-KTH/RepairComp/blob/main/results/smartbugs/SolGPT/unchecked_low_level_calls/0x4b71ad9c1a84b9b643aa54fdd66e2dec96e8b152/0x4b71ad9c1a84b9b643aa54fdd66e2dec96e8b152_1round.diff,https://github.com/ASSERT-KTH/sb-heists/tree/main/smartbugs-curated/0.4.x/test/unchecked_low_level_calls/0x4b71ad9c1a84b9b643aa54fdd66e2dec96e8b152_test.js
549,0x4b71ad9c1a84b9b643aa54fdd66e2dec96e8b152_2round.sol,0x4b71ad9c1a84b9b643aa54fdd66e2dec96e8b152.sol,unchecked_low_level_calls,SolGPT,True,True,1.0,1.0,True,passed,yes,https://github.com/ASSERT-KTH/RepairComp/blob/main/results/smartbugs/SolGPT/unchecked_low_level_calls/0x4b71ad9c1a84b9b643aa54fdd66e2dec96e8b152/0x4b71ad9c1a84b9b643aa54fdd66e2dec96e8b152_2round.sol,https://github.com/smartbugs/smartbugs-curated/tree/main/dataset/unchecked_low_level_calls/0x4b71ad9c1a84b9b643aa54fdd66e2dec96e8b152.sol,https://github.com/ASSERT-KTH/RepairComp/blob/main/results/smartbugs/SolGPT/unchecked_low_level_calls/0x4b71ad9c1a84b9b643aa54fdd66e2dec96e8b152/0x4b71ad9c1a84b9b643aa54fdd66e2dec96e8b152_2round.diff,https://github.com/ASSERT-KTH/sb-heists/tree/main/smartbugs-curated/0.4.x/test/unchecked_low_level_calls/0x4b71ad9c1a84b9b643aa54fdd66e2dec96e8b152_test.js
548,0x4b71ad9c1a84b9b643aa54fdd66e2dec96e8b152_4round.sol,0x4b71ad9c1a84b9b643aa54fdd66e2dec96e8b152.sol,unchecked_low_level_calls,SolGPT,True,True,1.0,1.0,True,passed,yes,https://github.com/ASSERT-KTH/RepairComp/blob/main/results/smartbugs/SolGPT/unchecked_low_level_calls/0x4b71ad9c1a84b9b643aa54fdd66e2dec96e8b152/0x4b71ad9c1a84b9b643aa54fdd66e2dec96e8b152_4round.sol,https://github.com/smartbugs/smartbugs-curated/tree/main/dataset/unchecked_low_level_calls/0x4b71ad9c1a84b9b643aa54fdd66e2dec96e8b152.sol,https://github.com/ASSERT-KTH/RepairComp/blob/main/results/smartbugs/SolGPT/unchecked_low_level_calls/0x4b71ad9c1a84b9b643aa54fdd66e2dec96e8b152/0x4b71ad9c1a84b9b643aa54fdd66e2dec96e8b152_4round.diff,https://github.com/ASSERT-KTH/sb-heists/tree/main/smartbugs-curated/0.4.x/test/unchecked_low_level_calls/0x4b71ad9c1a84b9b643aa54fdd66e2dec96e8b152_test.js
1093,0x4b71ad9c1a84b9b643aa54fdd66e2dec96e8b152U1.sol,0x4b71ad9c1a84b9b643aa54fdd66e2dec96e8b152.sol,unchecked_low_level_calls,TIPS,True,True,1.0,1.0,True,passed,yes,https://github.com/ASSERT-KTH/RepairComp/blob/main/results/smartbugs/TIPS/unchecked_low_level_calls/0x4b71ad9c1a84b9b643aa54fdd66e2dec96e8b152/0x4b71ad9c1a84b9b643aa54fdd66e2dec96e8b152U1.sol,https://github.com/smartbugs/smartbugs-curated/tree/main/dataset/unchecked_low_level_calls/0x4b71ad9c1a84b9b643aa54fdd66e2dec96e8b152.sol,https://github.com/ASSERT-KTH/RepairComp/blob/main/results/smartbugs/TIPS/unchecked_low_level_calls/0x4b71ad9c1a84b9b643aa54fdd66e2dec96e8b152/0x4b71ad9c1a84b9b643aa54fdd66e2dec96e8b152U1.diff,https://github.com/ASSERT-KTH/sb-heists/tree/main/smartbugs-curated/0.4.x/test/unchecked_low_level_calls/0x4b71ad9c1a84b9b643aa54fdd66e2dec96e8b152_test.js
700,0x52d2e0f9b01101a59b38a3d05c80b7618aeed984_1round.sol,0x52d2e0f9b01101a59b38a3d05c80b7618aeed984.sol,unchecked_low_level_calls,SolGPT,True,True,1.0,1.0,True,passed,yes,https://github.com/ASSERT-KTH/RepairComp/blob/main/results/smartbugs/SolGPT/unchecked_low_level_calls/0x52d2e0f9b01101a59b38a3d05c80b7618aeed984/0x52d2e0f9b01101a59b38a3d05c80b7618aeed984_1round.sol,https://github.com/smartbugs/smartbugs-curated/tree/main/dataset/unchecked_low_level_calls/0x52d2e0f9b01101a59b38a3d05c80b7618aeed984.sol,https://github.com/ASSERT-KTH/RepairComp/blob/main/results/smartbugs/SolGPT/unchecked_low_level_calls/0x52d2e0f9b01101a59b38a3d05c80b7618aeed984/0x52d2e0f9b01101a59b38a3d05c80b7618aeed984_1round.diff,https://github.com/ASSERT-KTH/sb-heists/tree/main/smartbugs-curated/0.4.x/test/unchecked_low_level_calls/0x52d2e0f9b01101a59b38a3d05c80b7618aeed984_test.js
701,0x52d2e0f9b01101a59b38a3d05c80b7618aeed984_4round.sol,0x52d2e0f9b01101a59b38a3d05c80b7618aeed984.sol,unchecked_low_level_calls,SolGPT,True,True,1.0,1.0,True,passed,yes,https://github.com/ASSERT-KTH/RepairComp/blob/main/results/smartbugs/SolGPT/unchecked_low_level_calls/0x52d2e0f9b01101a59b38a3d05c80b7618aeed984/0x52d2e0f9b01101a59b38a3d05c80b7618aeed984_4round.sol,https://github.com/smartbugs/smartbugs-curated/tree/main/dataset/unchecked_low_level_calls/0x52d2e0f9b01101a59b38a3d05c80b7618aeed984.sol,https://github.com/ASSERT-KTH/RepairComp/blob/main/results/smartbugs/SolGPT/unchecked_low_level_calls/0x52d2e0f9b01101a59b38a3d05c80b7618aeed984/0x52d2e0f9b01101a59b38a3d05c80b7618aeed984_4round.diff,https://github.com/ASSERT-KTH/sb-heists/tree/main/smartbugs-curated/0.4.x/test/unchecked_low_level_calls/0x52d2e0f9b01101a59b38a3d05c80b7618aeed984_test.js
702,0x52d2e0f9b01101a59b38a3d05c80b7618aeed984_3round.sol,0x52d2e0f9b01101a59b38a3d05c80b7618aeed984.sol,unchecked_low_level_calls,SolGPT,True,True,1.0,1.0,True,passed,yes,https://github.com/ASSERT-KTH/RepairComp/blob/main/results/smartbugs/SolGPT/unchecked_low_level_calls/0x52d2e0f9b01101a59b38a3d05c80b7618aeed984/0x52d2e0f9b01101a59b38a3d05c80b7618aeed984_3round.sol,https://github.com/smartbugs/smartbugs-curated/tree/main/dataset/unchecked_low_level_calls/0x52d2e0f9b01101a59b38a3d05c80b7618aeed984.sol,https://github.com/ASSERT-KTH/RepairComp/blob/main/results/smartbugs/SolGPT/unchecked_low_level_calls/0x52d2e0f9b01101a59b38a3d05c80b7618aeed984/0x52d2e0f9b01101a59b38a3d05c80b7618aeed984_3round.diff,https://github.com/ASSERT-KTH/sb-heists/tree/main/smartbugs-curated/0.4.x/test/unchecked_low_level_calls/0x52d2e0f9b01101a59b38a3d05c80b7618aeed984_test.js
703,0x52d2e0f9b01101a59b38a3d05c80b7618aeed984_2round.sol,0x52d2e0f9b01101a59b38a3d05c80b7618aeed984.sol,unchecked_low_level_calls,SolGPT,True,True,1.0,1.0,True,passed,yes,https://github.com/ASSERT-KTH/RepairComp/blob/main/results/smartbugs/SolGPT/unchecked_low_level_calls/0x52d2e0f9b01101a59b38a3d05c80b7618aeed984/0x52d2e0f9b01101a59b38a3d05c80b7618aeed984_2round.sol,https://github.com/smartbugs/smartbugs-curated/tree/main/dataset/unchecked_low_level_calls/0x52d2e0f9b01101a59b38a3d05c80b7618aeed984.sol,https://github.com/ASSERT-KTH/RepairComp/blob/main/results/smartbugs/SolGPT/unchecked_low_level_calls/0x52d2e0f9b01101a59b38a3d05c80b7618aeed984/0x52d2e0f9b01101a59b38a3d05c80b7618aeed984_2round.diff,https://github.com/ASSERT-KTH/sb-heists/tree/main/smartbugs-curated/0.4.x/test/unchecked_low_level_calls/0x52d2e0f9b01101a59b38a3d05c80b7618aeed984_test.js
1178,0x52d2e0f9b01101a59b38a3d05c80b7618aeed984U2.sol,0x52d2e0f9b01101a59b38a3d05c80b7618aeed984.sol,unchecked_low_level_calls,TIPS,True,True,1.0,1.0,True,passed,yes,https://github.com/ASSERT-KTH/RepairComp/blob/main/results/smartbugs/TIPS/unchecked_low_level_calls/0x52d2e0f9b01101a59b38a3d05c80b7618aeed984/0x52d2e0f9b01101a59b38a3d05c80b7618aeed984U2.sol,https://github.com/smartbugs/smartbugs-curated/tree/main/dataset/unchecked_low_level_calls/0x52d2e0f9b01101a59b38a3d05c80b7618aeed984.sol,https://github.com/ASSERT-KTH/RepairComp/blob/main/results/smartbugs/TIPS/unchecked_low_level_calls/0x52d2e0f9b01101a59b38a3d05c80b7618aeed984/0x52d2e0f9b01101a59b38a3d05c80b7618aeed984U2.diff,https://github.com/ASSERT-KTH/sb-heists/tree/main/smartbugs-curated/0.4.x/test/unchecked_low_level_calls/0x52d2e0f9b01101a59b38a3d05c80b7618aeed984_test.js
1179,0x52d2e0f9b01101a59b38a3d05c80b7618aeed984U1.sol,0x52d2e0f9b01101a59b38a3d05c80b7618aeed984.sol,unchecked_low_level_calls,TIPS,True,True,1.0,1.0,True,passed,yes,https://github.com/ASSERT-KTH/RepairComp/blob/main/results/smartbugs/TIPS/unchecked_low_level_calls/0x52d2e0f9b01101a59b38a3d05c80b7618aeed984/0x52d2e0f9b01101a59b38a3d05c80b7618aeed984U1.sol,https://github.com/smartbugs/smartbugs-curated/tree/main/dataset/unchecked_low_level_calls/0x52d2e0f9b01101a59b38a3d05c80b7618aeed984.sol,https://github.com/ASSERT-KTH/RepairComp/blob/main/results/smartbugs/TIPS/unchecked_low_level_calls/0x52d2e0f9b01101a59b38a3d05c80b7618aeed984/0x52d2e0f9b01101a59b38a3d05c80b7618aeed984U1.diff,https://github.com/ASSERT-KTH/sb-heists/tree/main/smartbugs-curated/0.4.x/test/unchecked_low_level_calls/0x52d2e0f9b01101a59b38a3d05c80b7618aeed984_test.js
253,0x52d2e0f9b01101a59b38a3d05c80b7618aeed984.sol,0x52d2e0f9b01101a59b38a3d05c80b7618aeed984.sol,unchecked_low_level_calls,sGuardPlus,True,True,2.0,2.0,True,passed,yes,https://github.com/ASSERT-KTH/RepairComp/blob/main/results/smartbugs/sGuardPlus/unchecked_low_level_calls/0x52d2e0f9b01101a59b38a3d05c80b7618aeed984/0x52d2e0f9b01101a59b38a3d05c80b7618aeed984.sol,https://github.com/smartbugs/smartbugs-curated/tree/main/dataset/unchecked_low_level_calls/0x52d2e0f9b01101a59b38a3d05c80b7618aeed984.sol,https://github.com/ASSERT-KTH/RepairComp/blob/main/results/smartbugs/sGuardPlus/unchecked_low_level_calls/0x52d2e0f9b01101a59b38a3d05c80b7618aeed984/0x52d2e0f9b01101a59b38a3d05c80b7618aeed984.diff,https://github.com/ASSERT-KTH/sb-heists/tree/main/smartbugs-curated/0.4.x/test/unchecked_low_level_calls/0x52d2e0f9b01101a59b38a3d05c80b7618aeed984_test.js
1182,0x627fa62ccbb1c1b04ffaecd72a53e37fc0e17839R1U1.sol,0x627fa62ccbb1c1b04ffaecd72a53e37fc0e17839.sol,unchecked_low_level_calls,TIPS,True,True,1.0,1.0,True,passed,yes,https://github.com/ASSERT-KTH/RepairComp/blob/main/results/smartbugs/TIPS/unchecked_low_level_calls/0x627fa62ccbb1c1b04ffaecd72a53e37fc0e17839/0x627fa62ccbb1c1b04ffaecd72a53e37fc0e17839R1U1.sol,https://github.com/smartbugs/smartbugs-curated/tree/main/dataset/unchecked_low_level_calls/0x627fa62ccbb1c1b04ffaecd72a53e37fc0e17839.sol,https://github.com/ASSERT-KTH/RepairComp/blob/main/results/smartbugs/TIPS/unchecked_low_level_calls/0x627fa62ccbb1c1b04ffaecd72a53e37fc0e17839/0x627fa62ccbb1c1b04ffaecd72a53e37fc0e17839R1U1.diff,https://github.com/ASSERT-KTH/sb-heists/tree/main/smartbugs-curated/0.4.x/test/unchecked_low_level_calls/0x627fa62ccbb1c1b04ffaecd72a53e37fc0e17839_test.js
1184,0x627fa62ccbb1c1b04ffaecd72a53e37fc0e17839R2U1.sol,0x627fa62ccbb1c1b04ffaecd72a53e37fc0e17839.sol,unchecked_low_level_calls,TIPS,True,True,1.0,1.0,True,passed,yes,https://github.com/ASSERT-KTH/RepairComp/blob/main/results/smartbugs/TIPS/unchecked_low_level_calls/0x627fa62ccbb1c1b04ffaecd72a53e37fc0e17839/0x627fa62ccbb1c1b04ffaecd72a53e37fc0e17839R2U1.sol,https://github.com/smartbugs/smartbugs-curated/tree/main/dataset/unchecked_low_level_calls/0x627fa62ccbb1c1b04ffaecd72a53e37fc0e17839.sol,https://github.com/ASSERT-KTH/RepairComp/blob/main/results/smartbugs/TIPS/unchecked_low_level_calls/0x627fa62ccbb1c1b04ffaecd72a53e37fc0e17839/0x627fa62ccbb1c1b04ffaecd72a53e37fc0e17839R2U1.diff,https://github.com/ASSERT-KTH/sb-heists/tree/main/smartbugs-curated/0.4.x/test/unchecked_low_level_calls/0x627fa62ccbb1c1b04ffaecd72a53e37fc0e17839_test.js
1157,0x663e4229142a27f00bafb5d087e1e730648314c3R1U1.sol,0x663e4229142a27f00bafb5d087e1e730648314c3.sol,unchecked_low_level_calls,TIPS,True,True,2.0,2.0,True,passed,yes,https://github.com/ASSERT-KTH/RepairComp/blob/main/results/smartbugs/TIPS/unchecked_low_level_calls/0x663e4229142a27f00bafb5d087e1e730648314c3/0x663e4229142a27f00bafb5d087e1e730648314c3R1U1.sol,https://github.com/smartbugs/smartbugs-curated/tree/main/dataset/unchecked_low_level_calls/0x663e4229142a27f00bafb5d087e1e730648314c3.sol,https://github.com/ASSERT-KTH/RepairComp/blob/main/results/smartbugs/TIPS/unchecked_low_level_calls/0x663e4229142a27f00bafb5d087e1e730648314c3/0x663e4229142a27f00bafb5d087e1e730648314c3R1U1.diff,https://github.com/ASSERT-KTH/sb-heists/tree/main/smartbugs-curated/0.4.x/test/unchecked_low_level_calls/0x663e4229142a27f00bafb5d087e1e730648314c3_test.js
659,0x7d09edb07d23acb532a82be3da5c17d9d85806b4_3round.sol,0x7d09edb07d23acb532a82be3da5c17d9d85806b4.sol,unchecked_low_level_calls,SolGPT,True,True,2.0,2.0,True,passed,yes,https://github.com/ASSERT-KTH/RepairComp/blob/main/results/smartbugs/SolGPT/unchecked_low_level_calls/0x7d09edb07d23acb532a82be3da5c17d9d85806b4/0x7d09edb07d23acb532a82be3da5c17d9d85806b4_3round.sol,https://github.com/smartbugs/smartbugs-curated/tree/main/dataset/unchecked_low_level_calls/0x7d09edb07d23acb532a82be3da5c17d9d85806b4.sol,https://github.com/ASSERT-KTH/RepairComp/blob/main/results/smartbugs/SolGPT/unchecked_low_level_calls/0x7d09edb07d23acb532a82be3da5c17d9d85806b4/0x7d09edb07d23acb532a82be3da5c17d9d85806b4_3round.diff,https://github.com/ASSERT-KTH/sb-heists/tree/main/smartbugs-curated/0.4.x/test/unchecked_low_level_calls/0x7d09edb07d23acb532a82be3da5c17d9d85806b4_test.js
1152,0x7d09edb07d23acb532a82be3da5c17d9d85806b4U2.sol,0x7d09edb07d23acb532a82be3da5c17d9d85806b4.sol,unchecked_low_level_calls,TIPS,True,True,2.0,2.0,True,passed,yes,https://github.com/ASSERT-KTH/RepairComp/blob/main/results/smartbugs/TIPS/unchecked_low_level_calls/0x7d09edb07d23acb532a82be3da5c17d9d85806b4/0x7d09edb07d23acb532a82be3da5c17d9d85806b4U2.sol,https://github.com/smartbugs/smartbugs-curated/tree/main/dataset/unchecked_low_level_calls/0x7d09edb07d23acb532a82be3da5c17d9d85806b4.sol,https://github.com/ASSERT-KTH/RepairComp/blob/main/results/smartbugs/TIPS/unchecked_low_level_calls/0x7d09edb07d23acb532a82be3da5c17d9d85806b4/0x7d09edb07d23acb532a82be3da5c17d9d85806b4U2.diff,https://github.com/ASSERT-KTH/sb-heists/tree/main/smartbugs-curated/0.4.x/test/unchecked_low_level_calls/0x7d09edb07d23acb532a82be3da5c17d9d85806b4_test.js
1153,0x7d09edb07d23acb532a82be3da5c17d9d85806b4U1.sol,0x7d09edb07d23acb532a82be3da5c17d9d85806b4.sol,unchecked_low_level_calls,TIPS,True,True,2.0,2.0,True,passed,yes,https://github.com/ASSERT-KTH/RepairComp/blob/main/results/smartbugs/TIPS/unchecked_low_level_calls/0x7d09edb07d23acb532a82be3da5c17d9d85806b4/0x7d09edb07d23acb532a82be3da5c17d9d85806b4U1.sol,https://github.com/smartbugs/smartbugs-curated/tree/main/dataset/unchecked_low_level_calls/0x7d09edb07d23acb532a82be3da5c17d9d85806b4.sol,https://github.com/ASSERT-KTH/RepairComp/blob/main/results/smartbugs/TIPS/unchecked_low_level_calls/0x7d09edb07d23acb532a82be3da5c17d9d85806b4/0x7d09edb07d23acb532a82be3da5c17d9d85806b4U1.diff,https://github.com/ASSERT-KTH/sb-heists/tree/main/smartbugs-curated/0.4.x/test/unchecked_low_level_calls/0x7d09edb07d23acb532a82be3da5c17d9d85806b4_test.js
1161,0x8fd1e427396ddb511533cf9abdbebd0a7e08da35U1.sol,0x8fd1e427396ddb511533cf9abdbebd0a7e08da35.sol,unchecked_low_level_calls,TIPS,True,True,1.0,1.0,True,passed,yes,https://github.com/ASSERT-KTH/RepairComp/blob/main/results/smartbugs/TIPS/unchecked_low_level_calls/0x8fd1e427396ddb511533cf9abdbebd0a7e08da35/0x8fd1e427396ddb511533cf9abdbebd0a7e08da35U1.sol,https://github.com/smartbugs/smartbugs-curated/tree/main/dataset/unchecked_low_level_calls/0x8fd1e427396ddb511533cf9abdbebd0a7e08da35.sol,https://github.com/ASSERT-KTH/RepairComp/blob/main/results/smartbugs/TIPS/unchecked_low_level_calls/0x8fd1e427396ddb511533cf9abdbebd0a7e08da35/0x8fd1e427396ddb511533cf9abdbebd0a7e08da35U1.diff,https://github.com/ASSERT-KTH/sb-heists/tree/main/smartbugs-curated/0.4.x/test/unchecked_low_level_calls/0x8fd1e427396ddb511533cf9abdbebd0a7e08da35_test.js
563,0xa1fceeff3acc57d257b917e30c4df661401d6431_4round.sol,0xa1fceeff3acc57d257b917e30c4df661401d6431.sol,unchecked_low_level_calls,SolGPT,True,True,1.0,1.0,True,passed,yes,https://github.com/ASSERT-KTH/RepairComp/blob/main/results/smartbugs/SolGPT/unchecked_low_level_calls/0xa1fceeff3acc57d257b917e30c4df661401d6431/0xa1fceeff3acc57d257b917e30c4df661401d6431_4round.sol,https://github.com/smartbugs/smartbugs-curated/tree/main/dataset/unchecked_low_level_calls/0xa1fceeff3acc57d257b917e30c4df661401d6431.sol,https://github.com/ASSERT-KTH/RepairComp/blob/main/results/smartbugs/SolGPT/unchecked_low_level_calls/0xa1fceeff3acc57d257b917e30c4df661401d6431/0xa1fceeff3acc57d257b917e30c4df661401d6431_4round.diff,https://github.com/ASSERT-KTH/sb-heists/tree/main/smartbugs-curated/0.4.x/test/unchecked_low_level_calls/0xa1fceeff3acc57d257b917e30c4df661401d6431_test.js
562,0xa1fceeff3acc57d257b917e30c4df661401d6431_3round.sol,0xa1fceeff3acc57d257b917e30c4df661401d6431.sol,unchecked_low_level_calls,SolGPT,True,True,1.0,1.0,True,passed,yes,https://github.com/ASSERT-KTH/RepairComp/blob/main/results/smartbugs/SolGPT/unchecked_low_level_calls/0xa1fceeff3acc57d257b917e30c4df661401d6431/0xa1fceeff3acc57d257b917e30c4df661401d6431_3round.sol,https://github.com/smartbugs/smartbugs-curated/tree/main/dataset/unchecked_low_level_calls/0xa1fceeff3acc57d257b917e30c4df661401d6431.sol,https://github.com/ASSERT-KTH/RepairComp/blob/main/results/smartbugs/SolGPT/unchecked_low_level_calls/0xa1fceeff3acc57d257b917e30c4df661401d6431/0xa1fceeff3acc57d257b917e30c4df661401d6431_3round.diff,https://github.com/ASSERT-KTH/sb-heists/tree/main/smartbugs-curated/0.4.x/test/unchecked_low_level_calls/0xa1fceeff3acc57d257b917e30c4df661401d6431_test.js
561,0xa1fceeff3acc57d257b917e30c4df661401d6431_1round.sol,0xa1fceeff3acc57d257b917e30c4df661401d6431.sol,unchecked_low_level_calls,SolGPT,True,True,1.0,1.0,True,passed,yes,https://github.com/ASSERT-KTH/RepairComp/blob/main/results/smartbugs/SolGPT/unchecked_low_level_calls/0xa1fceeff3acc57d257b917e30c4df661401d6431/0xa1fceeff3acc57d257b917e30c4df661401d6431_1round.sol,https://github.com/smartbugs/smartbugs-curated/tree/main/dataset/unchecked_low_level_calls/0xa1fceeff3acc57d257b917e30c4df661401d6431.sol,https://github.com/ASSERT-KTH/RepairComp/blob/main/results/smartbugs/SolGPT/unchecked_low_level_calls/0xa1fceeff3acc57d257b917e30c4df661401d6431/0xa1fceeff3acc57d257b917e30c4df661401d6431_1round.diff,https://github.com/ASSERT-KTH/sb-heists/tree/main/smartbugs-curated/0.4.x/test/unchecked_low_level_calls/0xa1fceeff3acc57d257b917e30c4df661401d6431_test.js
560,0xa1fceeff3acc57d257b917e30c4df661401d6431_2round.sol,0xa1fceeff3acc57d257b917e30c4df661401d6431.sol,unchecked_low_level_calls,SolGPT,True,True,1.0,1.0,True,passed,yes,https://github.com/ASSERT-KTH/RepairComp/blob/main/results/smartbugs/SolGPT/unchecked_low_level_calls/0xa1fceeff3acc57d257b917e30c4df661401d6431/0xa1fceeff3acc57d257b917e30c4df661401d6431_2round.sol,https://github.com/smartbugs/smartbugs-curated/tree/main/dataset/unchecked_low_level_calls/0xa1fceeff3acc57d257b917e30c4df661401d6431.sol,https://github.com/ASSERT-KTH/RepairComp/blob/main/results/smartbugs/SolGPT/unchecked_low_level_calls/0xa1fceeff3acc57d257b917e30c4df661401d6431/0xa1fceeff3acc57d257b917e30c4df661401d6431_2round.diff,https://github.com/ASSERT-KTH/sb-heists/tree/main/smartbugs-curated/0.4.x/test/unchecked_low_level_calls/0xa1fceeff3acc57d257b917e30c4df661401d6431_test.js
1099,0xa1fceeff3acc57d257b917e30c4df661401d6431U1.sol,0xa1fceeff3acc57d257b917e30c4df661401d6431.sol,unchecked_low_level_calls,TIPS,True,True,1.0,1.0,True,passed,yes,https://github.com/ASSERT-KTH/RepairComp/blob/main/results/smartbugs/TIPS/unchecked_low_level_calls/0xa1fceeff3acc57d257b917e30c4df661401d6431/0xa1fceeff3acc57d257b917e30c4df661401d6431U1.sol,https://github.com/smartbugs/smartbugs-curated/tree/main/dataset/unchecked_low_level_calls/0xa1fceeff3acc57d257b917e30c4df661401d6431.sol,https://github.com/ASSERT-KTH/RepairComp/blob/main/results/smartbugs/TIPS/unchecked_low_level_calls/0xa1fceeff3acc57d257b917e30c4df661401d6431/0xa1fceeff3acc57d257b917e30c4df661401d6431U1.diff,https://github.com/ASSERT-KTH/sb-heists/tree/main/smartbugs-curated/0.4.x/test/unchecked_low_level_calls/0xa1fceeff3acc57d257b917e30c4df661401d6431_test.js
727,0xa46edd6a9a93feec36576ee5048146870ea2c3ae_2round.sol,0xa46edd6a9a93feec36576ee5048146870ea2c3ae.sol,unchecked_low_level_calls,SolGPT,True,True,1.0,1.0,True,passed,yes,https://github.com/ASSERT-KTH/RepairComp/blob/main/results/smartbugs/SolGPT/unchecked_low_level_calls/0xa46edd6a9a93feec36576ee5048146870ea2c3ae/0xa46edd6a9a93feec36576ee5048146870ea2c3ae_2round.sol,https://github.com/smartbugs/smartbugs-curated/tree/main/dataset/unchecked_low_level_calls/0xa46edd6a9a93feec36576ee5048146870ea2c3ae.sol,https://github.com/ASSERT-KTH/RepairComp/blob/main/results/smartbugs/SolGPT/unchecked_low_level_calls/0xa46edd6a9a93feec36576ee5048146870ea2c3ae/0xa46edd6a9a93feec36576ee5048146870ea2c3ae_2round.diff,https://github.com/ASSERT-KTH/sb-heists/tree/main/smartbugs-curated/0.4.x/test/unchecked_low_level_calls/0xa46edd6a9a93feec36576ee5048146870ea2c3ae_test.js
726,0xa46edd6a9a93feec36576ee5048146870ea2c3ae_1round.sol,0xa46edd6a9a93feec36576ee5048146870ea2c3ae.sol,unchecked_low_level_calls,SolGPT,True,True,1.0,1.0,True,passed,yes,https://github.com/ASSERT-KTH/RepairComp/blob/main/results/smartbugs/SolGPT/unchecked_low_level_calls/0xa46edd6a9a93feec36576ee5048146870ea2c3ae/0xa46edd6a9a93feec36576ee5048146870ea2c3ae_1round.sol,https://github.com/smartbugs/smartbugs-curated/tree/main/dataset/unchecked_low_level_calls/0xa46edd6a9a93feec36576ee5048146870ea2c3ae.sol,https://github.com/ASSERT-KTH/RepairComp/blob/main/results/smartbugs/SolGPT/unchecked_low_level_calls/0xa46edd6a9a93feec36576ee5048146870ea2c3ae/0xa46edd6a9a93feec36576ee5048146870ea2c3ae_1round.diff,https://github.com/ASSERT-KTH/sb-heists/tree/main/smartbugs-curated/0.4.x/test/unchecked_low_level_calls/0xa46edd6a9a93feec36576ee5048146870ea2c3ae_test.js
724,0xa46edd6a9a93feec36576ee5048146870ea2c3ae_4round.sol,0xa46edd6a9a93feec36576ee5048146870ea2c3ae.sol,unchecked_low_level_calls,SolGPT,True,True,1.0,1.0,True,passed,yes,https://github.com/ASSERT-KTH/RepairComp/blob/main/results/smartbugs/SolGPT/unchecked_low_level_calls/0xa46edd6a9a93feec36576ee5048146870ea2c3ae/0xa46edd6a9a93feec36576ee5048146870ea2c3ae_4round.sol,https://github.com/smartbugs/smartbugs-curated/tree/main/dataset/unchecked_low_level_calls/0xa46edd6a9a93feec36576ee5048146870ea2c3ae.sol,https://github.com/ASSERT-KTH/RepairComp/blob/main/results/smartbugs/SolGPT/unchecked_low_level_calls/0xa46edd6a9a93feec36576ee5048146870ea2c3ae/0xa46edd6a9a93feec36576ee5048146870ea2c3ae_4round.diff,https://github.com/ASSERT-KTH/sb-heists/tree/main/smartbugs-curated/0.4.x/test/unchecked_low_level_calls/0xa46edd6a9a93feec36576ee5048146870ea2c3ae_test.js
725,0xa46edd6a9a93feec36576ee5048146870ea2c3ae_3round.sol,0xa46edd6a9a93feec36576ee5048146870ea2c3ae.sol,unchecked_low_level_calls,SolGPT,True,True,1.0,1.0,True,passed,yes,https://github.com/ASSERT-KTH/RepairComp/blob/main/results/smartbugs/SolGPT/unchecked_low_level_calls/0xa46edd6a9a93feec36576ee5048146870ea2c3ae/0xa46edd6a9a93feec36576ee5048146870ea2c3ae_3round.sol,https://github.com/smartbugs/smartbugs-curated/tree/main/dataset/unchecked_low_level_calls/0xa46edd6a9a93feec36576ee5048146870ea2c3ae.sol,https://github.com/ASSERT-KTH/RepairComp/blob/main/results/smartbugs/SolGPT/unchecked_low_level_calls/0xa46edd6a9a93feec36576ee5048146870ea2c3ae/0xa46edd6a9a93feec36576ee5048146870ea2c3ae_3round.diff,https://github.com/ASSERT-KTH/sb-heists/tree/main/smartbugs-curated/0.4.x/test/unchecked_low_level_calls/0xa46edd6a9a93feec36576ee5048146870ea2c3ae_test.js
1193,0xa46edd6a9a93feec36576ee5048146870ea2c3aeU1.sol,0xa46edd6a9a93feec36576ee5048146870ea2c3ae.sol,unchecked_low_level_calls,TIPS,True,True,1.0,1.0,True,passed,yes,https://github.com/ASSERT-KTH/RepairComp/blob/main/results/smartbugs/TIPS/unchecked_low_level_calls/0xa46edd6a9a93feec36576ee5048146870ea2c3ae/0xa46edd6a9a93feec36576ee5048146870ea2c3aeU1.sol,https://github.com/smartbugs/smartbugs-curated/tree/main/dataset/unchecked_low_level_calls/0xa46edd6a9a93feec36576ee5048146870ea2c3ae.sol,https://github.com/ASSERT-KTH/RepairComp/blob/main/results/smartbugs/TIPS/unchecked_low_level_calls/0xa46edd6a9a93feec36576ee5048146870ea2c3ae/0xa46edd6a9a93feec36576ee5048146870ea2c3aeU1.diff,https://github.com/ASSERT-KTH/sb-heists/tree/main/smartbugs-curated/0.4.x/test/unchecked_low_level_calls/0xa46edd6a9a93feec36576ee5048146870ea2c3ae_test.js
559,0xb11b2fed6c9354f7aa2f658d3b4d7b31d8a13b77_4round.sol,0xb11b2fed6c9354f7aa2f658d3b4d7b31d8a13b77.sol,unchecked_low_level_calls,SolGPT,True,True,1.0,1.0,True,passed,yes,https://github.com/ASSERT-KTH/RepairComp/blob/main/results/smartbugs/SolGPT/unchecked_low_level_calls/0xb11b2fed6c9354f7aa2f658d3b4d7b31d8a13b77/0xb11b2fed6c9354f7aa2f658d3b4d7b31d8a13b77_4round.sol,https://github.com/smartbugs/smartbugs-curated/tree/main/dataset/unchecked_low_level_calls/0xb11b2fed6c9354f7aa2f658d3b4d7b31d8a13b77.sol,https://github.com/ASSERT-KTH/RepairComp/blob/main/results/smartbugs/SolGPT/unchecked_low_level_calls/0xb11b2fed6c9354f7aa2f658d3b4d7b31d8a13b77/0xb11b2fed6c9354f7aa2f658d3b4d7b31d8a13b77_4round.diff,https://github.com/ASSERT-KTH/sb-heists/tree/main/smartbugs-curated/0.4.x/test/unchecked_low_level_calls/0xb11b2fed6c9354f7aa2f658d3b4d7b31d8a13b77_test.js
558,0xb11b2fed6c9354f7aa2f658d3b4d7b31d8a13b77_2round.sol,0xb11b2fed6c9354f7aa2f658d3b4d7b31d8a13b77.sol,unchecked_low_level_calls,SolGPT,True,True,1.0,1.0,True,passed,yes,https://github.com/ASSERT-KTH/RepairComp/blob/main/results/smartbugs/SolGPT/unchecked_low_level_calls/0xb11b2fed6c9354f7aa2f658d3b4d7b31d8a13b77/0xb11b2fed6c9354f7aa2f658d3b4d7b31d8a13b77_2round.sol,https://github.com/smartbugs/smartbugs-curated/tree/main/dataset/unchecked_low_level_calls/0xb11b2fed6c9354f7aa2f658d3b4d7b31d8a13b77.sol,https://github.com/ASSERT-KTH/RepairComp/blob/main/results/smartbugs/SolGPT/unchecked_low_level_calls/0xb11b2fed6c9354f7aa2f658d3b4d7b31d8a13b77/0xb11b2fed6c9354f7aa2f658d3b4d7b31d8a13b77_2round.diff,https://github.com/ASSERT-KTH/sb-heists/tree/main/smartbugs-curated/0.4.x/test/unchecked_low_level_calls/0xb11b2fed6c9354f7aa2f658d3b4d7b31d8a13b77_test.js
557,0xb11b2fed6c9354f7aa2f658d3b4d7b31d8a13b77_3round.sol,0xb11b2fed6c9354f7aa2f658d3b4d7b31d8a13b77.sol,unchecked_low_level_calls,SolGPT,True,True,1.0,1.0,True,passed,yes,https://github.com/ASSERT-KTH/RepairComp/blob/main/results/smartbugs/SolGPT/unchecked_low_level_calls/0xb11b2fed6c9354f7aa2f658d3b4d7b31d8a13b77/0xb11b2fed6c9354f7aa2f658d3b4d7b31d8a13b77_3round.sol,https://github.com/smartbugs/smartbugs-curated/tree/main/dataset/unchecked_low_level_calls/0xb11b2fed6c9354f7aa2f658d3b4d7b31d8a13b77.sol,https://github.com/ASSERT-KTH/RepairComp/blob/main/results/smartbugs/SolGPT/unchecked_low_level_calls/0xb11b2fed6c9354f7aa2f658d3b4d7b31d8a13b77/0xb11b2fed6c9354f7aa2f658d3b4d7b31d8a13b77_3round.diff,https://github.com/ASSERT-KTH/sb-heists/tree/main/smartbugs-curated/0.4.x/test/unchecked_low_level_calls/0xb11b2fed6c9354f7aa2f658d3b4d7b31d8a13b77_test.js
556,0xb11b2fed6c9354f7aa2f658d3b4d7b31d8a13b77_1round.sol,0xb11b2fed6c9354f7aa2f658d3b4d7b31d8a13b77.sol,unchecked_low_level_calls,SolGPT,True,True,1.0,1.0,True,passed,yes,https://github.com/ASSERT-KTH/RepairComp/blob/main/results/smartbugs/SolGPT/unchecked_low_level_calls/0xb11b2fed6c9354f7aa2f658d3b4d7b31d8a13b77/0xb11b2fed6c9354f7aa2f658d3b4d7b31d8a13b77_1round.sol,https://github.com/smartbugs/smartbugs-curated/tree/main/dataset/unchecked_low_level_calls/0xb11b2fed6c9354f7aa2f658d3b4d7b31d8a13b77.sol,https://github.com/ASSERT-KTH/RepairComp/blob/main/results/smartbugs/SolGPT/unchecked_low_level_calls/0xb11b2fed6c9354f7aa2f658d3b4d7b31d8a13b77/0xb11b2fed6c9354f7aa2f658d3b4d7b31d8a13b77_1round.diff,https://github.com/ASSERT-KTH/sb-heists/tree/main/smartbugs-curated/0.4.x/test/unchecked_low_level_calls/0xb11b2fed6c9354f7aa2f658d3b4d7b31d8a13b77_test.js
1096,0xb11b2fed6c9354f7aa2f658d3b4d7b31d8a13b77U1.sol,0xb11b2fed6c9354f7aa2f658d3b4d7b31d8a13b77.sol,unchecked_low_level_calls,TIPS,True,True,1.0,1.0,True,passed,yes,https://github.com/ASSERT-KTH/RepairComp/blob/main/results/smartbugs/TIPS/unchecked_low_level_calls/0xb11b2fed6c9354f7aa2f658d3b4d7b31d8a13b77/0xb11b2fed6c9354f7aa2f658d3b4d7b31d8a13b77U1.sol,https://github.com/smartbugs/smartbugs-curated/tree/main/dataset/unchecked_low_level_calls/0xb11b2fed6c9354f7aa2f658d3b4d7b31d8a13b77.sol,https://github.com/ASSERT-KTH/RepairComp/blob/main/results/smartbugs/TIPS/unchecked_low_level_calls/0xb11b2fed6c9354f7aa2f658d3b4d7b31d8a13b77/0xb11b2fed6c9354f7aa2f658d3b4d7b31d8a13b77U1.diff,https://github.com/ASSERT-KTH/sb-heists/tree/main/smartbugs-curated/0.4.x/test/unchecked_low_level_calls/0xb11b2fed6c9354f7aa2f658d3b4d7b31d8a13b77_test.js
1097,0xb11b2fed6c9354f7aa2f658d3b4d7b31d8a13b77U2.sol,0xb11b2fed6c9354f7aa2f658d3b4d7b31d8a13b77.sol,unchecked_low_level_calls,TIPS,True,True,1.0,1.0,True,passed,yes,https://github.com/ASSERT-KTH/RepairComp/blob/main/results/smartbugs/TIPS/unchecked_low_level_calls/0xb11b2fed6c9354f7aa2f658d3b4d7b31d8a13b77/0xb11b2fed6c9354f7aa2f658d3b4d7b31d8a13b77U2.sol,https://github.com/smartbugs/smartbugs-curated/tree/main/dataset/unchecked_low_level_calls/0xb11b2fed6c9354f7aa2f658d3b4d7b31d8a13b77.sol,https://github.com/ASSERT-KTH/RepairComp/blob/main/results/smartbugs/TIPS/unchecked_low_level_calls/0xb11b2fed6c9354f7aa2f658d3b4d7b31d8a13b77/0xb11b2fed6c9354f7aa2f658d3b4d7b31d8a13b77U2.diff,https://github.com/ASSERT-KTH/sb-heists/tree/main/smartbugs-curated/0.4.x/test/unchecked_low_level_calls/0xb11b2fed6c9354f7aa2f658d3b4d7b31d8a13b77_test.js
233,0xb11b2fed6c9354f7aa2f658d3b4d7b31d8a13b77.sol,0xb11b2fed6c9354f7aa2f658d3b4d7b31d8a13b77.sol,unchecked_low_level_calls,sGuardPlus,True,True,1.0,1.0,True,passed,yes,https://github.com/ASSERT-KTH/RepairComp/blob/main/results/smartbugs/sGuardPlus/unchecked_low_level_calls/0xb11b2fed6c9354f7aa2f658d3b4d7b31d8a13b77/0xb11b2fed6c9354f7aa2f658d3b4d7b31d8a13b77.sol,https://github.com/smartbugs/smartbugs-curated/tree/main/dataset/unchecked_low_level_calls/0xb11b2fed6c9354f7aa2f658d3b4d7b31d8a13b77.sol,https://github.com/ASSERT-KTH/RepairComp/blob/main/results/smartbugs/sGuardPlus/unchecked_low_level_calls/0xb11b2fed6c9354f7aa2f658d3b4d7b31d8a13b77/0xb11b2fed6c9354f7aa2f658d3b4d7b31d8a13b77.diff,https://github.com/ASSERT-KTH/sb-heists/tree/main/smartbugs-curated/0.4.x/test/unchecked_low_level_calls/0xb11b2fed6c9354f7aa2f658d3b4d7b31d8a13b77_test.js
640,0xb7c5c5aa4d42967efe906e1b66cb8df9cebf04f7_4round.sol,0xb7c5c5aa4d42967efe906e1b66cb8df9cebf04f7.sol,unchecked_low_level_calls,SolGPT,True,True,1.0,1.0,True,passed,yes,https://github.com/ASSERT-KTH/RepairComp/blob/main/results/smartbugs/SolGPT/unchecked_low_level_calls/0xb7c5c5aa4d42967efe906e1b66cb8df9cebf04f7/0xb7c5c5aa4d42967efe906e1b66cb8df9cebf04f7_4round.sol,https://github.com/smartbugs/smartbugs-curated/tree/main/dataset/unchecked_low_level_calls/0xb7c5c5aa4d42967efe906e1b66cb8df9cebf04f7.sol,https://github.com/ASSERT-KTH/RepairComp/blob/main/results/smartbugs/SolGPT/unchecked_low_level_calls/0xb7c5c5aa4d42967efe906e1b66cb8df9cebf04f7/0xb7c5c5aa4d42967efe906e1b66cb8df9cebf04f7_4round.diff,https://github.com/ASSERT-KTH/sb-heists/tree/main/smartbugs-curated/0.4.x/test/unchecked_low_level_calls/0xb7c5c5aa4d42967efe906e1b66cb8df9cebf04f7_test.js
642,0xb7c5c5aa4d42967efe906e1b66cb8df9cebf04f7_1round.sol,0xb7c5c5aa4d42967efe906e1b66cb8df9cebf04f7.sol,unchecked_low_level_calls,SolGPT,True,True,1.0,1.0,True,passed,yes,https://github.com/ASSERT-KTH/RepairComp/blob/main/results/smartbugs/SolGPT/unchecked_low_level_calls/0xb7c5c5aa4d42967efe906e1b66cb8df9cebf04f7/0xb7c5c5aa4d42967efe906e1b66cb8df9cebf04f7_1round.sol,https://github.com/smartbugs/smartbugs-curated/tree/main/dataset/unchecked_low_level_calls/0xb7c5c5aa4d42967efe906e1b66cb8df9cebf04f7.sol,https://github.com/ASSERT-KTH/RepairComp/blob/main/results/smartbugs/SolGPT/unchecked_low_level_calls/0xb7c5c5aa4d42967efe906e1b66cb8df9cebf04f7/0xb7c5c5aa4d42967efe906e1b66cb8df9cebf04f7_1round.diff,https://github.com/ASSERT-KTH/sb-heists/tree/main/smartbugs-curated/0.4.x/test/unchecked_low_level_calls/0xb7c5c5aa4d42967efe906e1b66cb8df9cebf04f7_test.js
641,0xb7c5c5aa4d42967efe906e1b66cb8df9cebf04f7_2round.sol,0xb7c5c5aa4d42967efe906e1b66cb8df9cebf04f7.sol,unchecked_low_level_calls,SolGPT,True,True,1.0,1.0,True,passed,yes,https://github.com/ASSERT-KTH/RepairComp/blob/main/results/smartbugs/SolGPT/unchecked_low_level_calls/0xb7c5c5aa4d42967efe906e1b66cb8df9cebf04f7/0xb7c5c5aa4d42967efe906e1b66cb8df9cebf04f7_2round.sol,https://github.com/smartbugs/smartbugs-curated/tree/main/dataset/unchecked_low_level_calls/0xb7c5c5aa4d42967efe906e1b66cb8df9cebf04f7.sol,https://github.com/ASSERT-KTH/RepairComp/blob/main/results/smartbugs/SolGPT/unchecked_low_level_calls/0xb7c5c5aa4d42967efe906e1b66cb8df9cebf04f7/0xb7c5c5aa4d42967efe906e1b66cb8df9cebf04f7_2round.diff,https://github.com/ASSERT-KTH/sb-heists/tree/main/smartbugs-curated/0.4.x/test/unchecked_low_level_calls/0xb7c5c5aa4d42967efe906e1b66cb8df9cebf04f7_test.js
643,0xb7c5c5aa4d42967efe906e1b66cb8df9cebf04f7_3round.sol,0xb7c5c5aa4d42967efe906e1b66cb8df9cebf04f7.sol,unchecked_low_level_calls,SolGPT,True,True,1.0,1.0,True,passed,yes,https://github.com/ASSERT-KTH/RepairComp/blob/main/results/smartbugs/SolGPT/unchecked_low_level_calls/0xb7c5c5aa4d42967efe906e1b66cb8df9cebf04f7/0xb7c5c5aa4d42967efe906e1b66cb8df9cebf04f7_3round.sol,https://github.com/smartbugs/smartbugs-curated/tree/main/dataset/unchecked_low_level_calls/0xb7c5c5aa4d42967efe906e1b66cb8df9cebf04f7.sol,https://github.com/ASSERT-KTH/RepairComp/blob/main/results/smartbugs/SolGPT/unchecked_low_level_calls/0xb7c5c5aa4d42967efe906e1b66cb8df9cebf04f7/0xb7c5c5aa4d42967efe906e1b66cb8df9cebf04f7_3round.diff,https://github.com/ASSERT-KTH/sb-heists/tree/main/smartbugs-curated/0.4.x/test/unchecked_low_level_calls/0xb7c5c5aa4d42967efe906e1b66cb8df9cebf04f7_test.js
247,0xb7c5c5aa4d42967efe906e1b66cb8df9cebf04f7.sol,0xb7c5c5aa4d42967efe906e1b66cb8df9cebf04f7.sol,unchecked_low_level_calls,sGuardPlus,True,True,1.0,1.0,True,passed,yes,https://github.com/ASSERT-KTH/RepairComp/blob/main/results/smartbugs/sGuardPlus/unchecked_low_level_calls/0xb7c5c5aa4d42967efe906e1b66cb8df9cebf04f7/0xb7c5c5aa4d42967efe906e1b66cb8df9cebf04f7.sol,https://github.com/smartbugs/smartbugs-curated/tree/main/dataset/unchecked_low_level_calls/0xb7c5c5aa4d42967efe906e1b66cb8df9cebf04f7.sol,https://github.com/ASSERT-KTH/RepairComp/blob/main/results/smartbugs/sGuardPlus/unchecked_low_level_calls/0xb7c5c5aa4d42967efe906e1b66cb8df9cebf04f7/0xb7c5c5aa4d42967efe906e1b66cb8df9cebf04f7.diff,https://github.com/ASSERT-KTH/sb-heists/tree/main/smartbugs-curated/0.4.x/test/unchecked_low_level_calls/0xb7c5c5aa4d42967efe906e1b66cb8df9cebf04f7_test.js
615,0xbaa3de6504690efb064420d89e871c27065cdd52_4round.sol,0xbaa3de6504690efb064420d89e871c27065cdd52.sol,unchecked_low_level_calls,SolGPT,True,True,1.0,1.0,True,passed,yes,https://github.com/ASSERT-KTH/RepairComp/blob/main/results/smartbugs/SolGPT/unchecked_low_level_calls/0xbaa3de6504690efb064420d89e871c27065cdd52/0xbaa3de6504690efb064420d89e871c27065cdd52_4round.sol,https://github.com/smartbugs/smartbugs-curated/tree/main/dataset/unchecked_low_level_calls/0xbaa3de6504690efb064420d89e871c27065cdd52.sol,https://github.com/ASSERT-KTH/RepairComp/blob/main/results/smartbugs/SolGPT/unchecked_low_level_calls/0xbaa3de6504690efb064420d89e871c27065cdd52/0xbaa3de6504690efb064420d89e871c27065cdd52_4round.diff,https://github.com/ASSERT-KTH/sb-heists/tree/main/smartbugs-curated/0.4.x/test/unchecked_low_level_calls/0xbaa3de6504690efb064420d89e871c27065cdd52_test.js
614,0xbaa3de6504690efb064420d89e871c27065cdd52_1round.sol,0xbaa3de6504690efb064420d89e871c27065cdd52.sol,unchecked_low_level_calls,SolGPT,True,True,1.0,1.0,True,passed,yes,https://github.com/ASSERT-KTH/RepairComp/blob/main/results/smartbugs/SolGPT/unchecked_low_level_calls/0xbaa3de6504690efb064420d89e871c27065cdd52/0xbaa3de6504690efb064420d89e871c27065cdd52_1round.sol,https://github.com/smartbugs/smartbugs-curated/tree/main/dataset/unchecked_low_level_calls/0xbaa3de6504690efb064420d89e871c27065cdd52.sol,https://github.com/ASSERT-KTH/RepairComp/blob/main/results/smartbugs/SolGPT/unchecked_low_level_calls/0xbaa3de6504690efb064420d89e871c27065cdd52/0xbaa3de6504690efb064420d89e871c27065cdd52_1round.diff,https://github.com/ASSERT-KTH/sb-heists/tree/main/smartbugs-curated/0.4.x/test/unchecked_low_level_calls/0xbaa3de6504690efb064420d89e871c27065cdd52_test.js
613,0xbaa3de6504690efb064420d89e871c27065cdd52_3round.sol,0xbaa3de6504690efb064420d89e871c27065cdd52.sol,unchecked_low_level_calls,SolGPT,True,True,1.0,1.0,True,passed,yes,https://github.com/ASSERT-KTH/RepairComp/blob/main/results/smartbugs/SolGPT/unchecked_low_level_calls/0xbaa3de6504690efb064420d89e871c27065cdd52/0xbaa3de6504690efb064420d89e871c27065cdd52_3round.sol,https://github.com/smartbugs/smartbugs-curated/tree/main/dataset/unchecked_low_level_calls/0xbaa3de6504690efb064420d89e871c27065cdd52.sol,https://github.com/ASSERT-KTH/RepairComp/blob/main/results/smartbugs/SolGPT/unchecked_low_level_calls/0xbaa3de6504690efb064420d89e871c27065cdd52/0xbaa3de6504690efb064420d89e871c27065cdd52_3round.diff,https://github.com/ASSERT-KTH/sb-heists/tree/main/smartbugs-curated/0.4.x/test/unchecked_low_level_calls/0xbaa3de6504690efb064420d89e871c27065cdd52_test.js
612,0xbaa3de6504690efb064420d89e871c27065cdd52_2round.sol,0xbaa3de6504690efb064420d89e871c27065cdd52.sol,unchecked_low_level_calls,SolGPT,True,True,1.0,1.0,True,passed,yes,https://github.com/ASSERT-KTH/RepairComp/blob/main/results/smartbugs/SolGPT/unchecked_low_level_calls/0xbaa3de6504690efb064420d89e871c27065cdd52/0xbaa3de6504690efb064420d89e871c27065cdd52_2round.sol,https://github.com/smartbugs/smartbugs-curated/tree/main/dataset/unchecked_low_level_calls/0xbaa3de6504690efb064420d89e871c27065cdd52.sol,https://github.com/ASSERT-KTH/RepairComp/blob/main/results/smartbugs/SolGPT/unchecked_low_level_calls/0xbaa3de6504690efb064420d89e871c27065cdd52/0xbaa3de6504690efb064420d89e871c27065cdd52_2round.diff,https://github.com/ASSERT-KTH/sb-heists/tree/main/smartbugs-curated/0.4.x/test/unchecked_low_level_calls/0xbaa3de6504690efb064420d89e871c27065cdd52_test.js
1130,0xbaa3de6504690efb064420d89e871c27065cdd52U2.sol,0xbaa3de6504690efb064420d89e871c27065cdd52.sol,unchecked_low_level_calls,TIPS,True,True,1.0,1.0,True,passed,yes,https://github.com/ASSERT-KTH/RepairComp/blob/main/results/smartbugs/TIPS/unchecked_low_level_calls/0xbaa3de6504690efb064420d89e871c27065cdd52/0xbaa3de6504690efb064420d89e871c27065cdd52U2.sol,https://github.com/smartbugs/smartbugs-curated/tree/main/dataset/unchecked_low_level_calls/0xbaa3de6504690efb064420d89e871c27065cdd52.sol,https://github.com/ASSERT-KTH/RepairComp/blob/main/results/smartbugs/TIPS/unchecked_low_level_calls/0xbaa3de6504690efb064420d89e871c27065cdd52/0xbaa3de6504690efb064420d89e871c27065cdd52U2.diff,https://github.com/ASSERT-KTH/sb-heists/tree/main/smartbugs-curated/0.4.x/test/unchecked_low_level_calls/0xbaa3de6504690efb064420d89e871c27065cdd52_test.js
1131,0xbaa3de6504690efb064420d89e871c27065cdd52U1.sol,0xbaa3de6504690efb064420d89e871c27065cdd52.sol,unchecked_low_level_calls,TIPS,True,True,1.0,1.0,True,passed,yes,https://github.com/ASSERT-KTH/RepairComp/blob/main/results/smartbugs/TIPS/unchecked_low_level_calls/0xbaa3de6504690efb064420d89e871c27065cdd52/0xbaa3de6504690efb064420d89e871c27065cdd52U1.sol,https://github.com/smartbugs/smartbugs-curated/tree/main/dataset/unchecked_low_level_calls/0xbaa3de6504690efb064420d89e871c27065cdd52.sol,https://github.com/ASSERT-KTH/RepairComp/blob/main/results/smartbugs/TIPS/unchecked_low_level_calls/0xbaa3de6504690efb064420d89e871c27065cdd52/0xbaa3de6504690efb064420d89e871c27065cdd52U1.diff,https://github.com/ASSERT-KTH/sb-heists/tree/main/smartbugs-curated/0.4.x/test/unchecked_low_level_calls/0xbaa3de6504690efb064420d89e871c27065cdd52_test.js
242,0xbaa3de6504690efb064420d89e871c27065cdd52.sol,0xbaa3de6504690efb064420d89e871c27065cdd52.sol,unchecked_low_level_calls,sGuardPlus,True,True,1.0,1.0,True,passed,yes,https://github.com/ASSERT-KTH/RepairComp/blob/main/results/smartbugs/sGuardPlus/unchecked_low_level_calls/0xbaa3de6504690efb064420d89e871c27065cdd52/0xbaa3de6504690efb064420d89e871c27065cdd52.sol,https://github.com/smartbugs/smartbugs-curated/tree/main/dataset/unchecked_low_level_calls/0xbaa3de6504690efb064420d89e871c27065cdd52.sol,https://github.com/ASSERT-KTH/RepairComp/blob/main/results/smartbugs/sGuardPlus/unchecked_low_level_calls/0xbaa3de6504690efb064420d89e871c27065cdd52/0xbaa3de6504690efb064420d89e871c27065cdd52.diff,https://github.com/ASSERT-KTH/sb-heists/tree/main/smartbugs-curated/0.4.x/test/unchecked_low_level_calls/0xbaa3de6504690efb064420d89e871c27065cdd52_test.js
610,0xbebbfe5b549f5db6e6c78ca97cac19d1fb03082c_1round.sol,0xbebbfe5b549f5db6e6c78ca97cac19d1fb03082c.sol,unchecked_low_level_calls,SolGPT,True,True,1.0,1.0,True,passed,yes,https://github.com/ASSERT-KTH/RepairComp/blob/main/results/smartbugs/SolGPT/unchecked_low_level_calls/0xbebbfe5b549f5db6e6c78ca97cac19d1fb03082c/0xbebbfe5b549f5db6e6c78ca97cac19d1fb03082c_1round.sol,https://github.com/smartbugs/smartbugs-curated/tree/main/dataset/unchecked_low_level_calls/0xbebbfe5b549f5db6e6c78ca97cac19d1fb03082c.sol,https://github.com/ASSERT-KTH/RepairComp/blob/main/results/smartbugs/SolGPT/unchecked_low_level_calls/0xbebbfe5b549f5db6e6c78ca97cac19d1fb03082c/0xbebbfe5b549f5db6e6c78ca97cac19d1fb03082c_1round.diff,https://github.com/ASSERT-KTH/sb-heists/tree/main/smartbugs-curated/0.4.x/test/unchecked_low_level_calls/0xbebbfe5b549f5db6e6c78ca97cac19d1fb03082c_test.js
609,0xbebbfe5b549f5db6e6c78ca97cac19d1fb03082c_2round.sol,0xbebbfe5b549f5db6e6c78ca97cac19d1fb03082c.sol,unchecked_low_level_calls,SolGPT,True,True,1.0,1.0,True,passed,yes,https://github.com/ASSERT-KTH/RepairComp/blob/main/results/smartbugs/SolGPT/unchecked_low_level_calls/0xbebbfe5b549f5db6e6c78ca97cac19d1fb03082c/0xbebbfe5b549f5db6e6c78ca97cac19d1fb03082c_2round.sol,https://github.com/smartbugs/smartbugs-curated/tree/main/dataset/unchecked_low_level_calls/0xbebbfe5b549f5db6e6c78ca97cac19d1fb03082c.sol,https://github.com/ASSERT-KTH/RepairComp/blob/main/results/smartbugs/SolGPT/unchecked_low_level_calls/0xbebbfe5b549f5db6e6c78ca97cac19d1fb03082c/0xbebbfe5b549f5db6e6c78ca97cac19d1fb03082c_2round.diff,https://github.com/ASSERT-KTH/sb-heists/tree/main/smartbugs-curated/0.4.x/test/unchecked_low_level_calls/0xbebbfe5b549f5db6e6c78ca97cac19d1fb03082c_test.js
608,0xbebbfe5b549f5db6e6c78ca97cac19d1fb03082c_4round.sol,0xbebbfe5b549f5db6e6c78ca97cac19d1fb03082c.sol,unchecked_low_level_calls,SolGPT,True,True,1.0,1.0,True,passed,yes,https://github.com/ASSERT-KTH/RepairComp/blob/main/results/smartbugs/SolGPT/unchecked_low_level_calls/0xbebbfe5b549f5db6e6c78ca97cac19d1fb03082c/0xbebbfe5b549f5db6e6c78ca97cac19d1fb03082c_4round.sol,https://github.com/smartbugs/smartbugs-curated/tree/main/dataset/unchecked_low_level_calls/0xbebbfe5b549f5db6e6c78ca97cac19d1fb03082c.sol,https://github.com/ASSERT-KTH/RepairComp/blob/main/results/smartbugs/SolGPT/unchecked_low_level_calls/0xbebbfe5b549f5db6e6c78ca97cac19d1fb03082c/0xbebbfe5b549f5db6e6c78ca97cac19d1fb03082c_4round.diff,https://github.com/ASSERT-KTH/sb-heists/tree/main/smartbugs-curated/0.4.x/test/unchecked_low_level_calls/0xbebbfe5b549f5db6e6c78ca97cac19d1fb03082c_test.js
611,0xbebbfe5b549f5db6e6c78ca97cac19d1fb03082c_3round.sol,0xbebbfe5b549f5db6e6c78ca97cac19d1fb03082c.sol,unchecked_low_level_calls,SolGPT,True,True,1.0,1.0,True,passed,yes,https://github.com/ASSERT-KTH/RepairComp/blob/main/results/smartbugs/SolGPT/unchecked_low_level_calls/0xbebbfe5b549f5db6e6c78ca97cac19d1fb03082c/0xbebbfe5b549f5db6e6c78ca97cac19d1fb03082c_3round.sol,https://github.com/smartbugs/smartbugs-curated/tree/main/dataset/unchecked_low_level_calls/0xbebbfe5b549f5db6e6c78ca97cac19d1fb03082c.sol,https://github.com/ASSERT-KTH/RepairComp/blob/main/results/smartbugs/SolGPT/unchecked_low_level_calls/0xbebbfe5b549f5db6e6c78ca97cac19d1fb03082c/0xbebbfe5b549f5db6e6c78ca97cac19d1fb03082c_3round.diff,https://github.com/ASSERT-KTH/sb-heists/tree/main/smartbugs-curated/0.4.x/test/unchecked_low_level_calls/0xbebbfe5b549f5db6e6c78ca97cac19d1fb03082c_test.js
1128,0xbebbfe5b549f5db6e6c78ca97cac19d1fb03082cU2.sol,0xbebbfe5b549f5db6e6c78ca97cac19d1fb03082c.sol,unchecked_low_level_calls,TIPS,True,True,1.0,1.0,True,passed,yes,https://github.com/ASSERT-KTH/RepairComp/blob/main/results/smartbugs/TIPS/unchecked_low_level_calls/0xbebbfe5b549f5db6e6c78ca97cac19d1fb03082c/0xbebbfe5b549f5db6e6c78ca97cac19d1fb03082cU2.sol,https://github.com/smartbugs/smartbugs-curated/tree/main/dataset/unchecked_low_level_calls/0xbebbfe5b549f5db6e6c78ca97cac19d1fb03082c.sol,https://github.com/ASSERT-KTH/RepairComp/blob/main/results/smartbugs/TIPS/unchecked_low_level_calls/0xbebbfe5b549f5db6e6c78ca97cac19d1fb03082c/0xbebbfe5b549f5db6e6c78ca97cac19d1fb03082cU2.diff,https://github.com/ASSERT-KTH/sb-heists/tree/main/smartbugs-curated/0.4.x/test/unchecked_low_level_calls/0xbebbfe5b549f5db6e6c78ca97cac19d1fb03082c_test.js
1129,0xbebbfe5b549f5db6e6c78ca97cac19d1fb03082cU1.sol,0xbebbfe5b549f5db6e6c78ca97cac19d1fb03082c.sol,unchecked_low_level_calls,TIPS,True,True,1.0,1.0,True,passed,yes,https://github.com/ASSERT-KTH/RepairComp/blob/main/results/smartbugs/TIPS/unchecked_low_level_calls/0xbebbfe5b549f5db6e6c78ca97cac19d1fb03082c/0xbebbfe5b549f5db6e6c78ca97cac19d1fb03082cU1.sol,https://github.com/smartbugs/smartbugs-curated/tree/main/dataset/unchecked_low_level_calls/0xbebbfe5b549f5db6e6c78ca97cac19d1fb03082c.sol,https://github.com/ASSERT-KTH/RepairComp/blob/main/results/smartbugs/TIPS/unchecked_low_level_calls/0xbebbfe5b549f5db6e6c78ca97cac19d1fb03082c/0xbebbfe5b549f5db6e6c78ca97cac19d1fb03082cU1.diff,https://github.com/ASSERT-KTH/sb-heists/tree/main/smartbugs-curated/0.4.x/test/unchecked_low_level_calls/0xbebbfe5b549f5db6e6c78ca97cac19d1fb03082c_test.js
241,0xbebbfe5b549f5db6e6c78ca97cac19d1fb03082c.sol,0xbebbfe5b549f5db6e6c78ca97cac19d1fb03082c.sol,unchecked_low_level_calls,sGuardPlus,True,True,1.0,1.0,True,passed,yes,https://github.com/ASSERT-KTH/RepairComp/blob/main/results/smartbugs/sGuardPlus/unchecked_low_level_calls/0xbebbfe5b549f5db6e6c78ca97cac19d1fb03082c/0xbebbfe5b549f5db6e6c78ca97cac19d1fb03082c.sol,https://github.com/smartbugs/smartbugs-curated/tree/main/dataset/unchecked_low_level_calls/0xbebbfe5b549f5db6e6c78ca97cac19d1fb03082c.sol,https://github.com/ASSERT-KTH/RepairComp/blob/main/results/smartbugs/sGuardPlus/unchecked_low_level_calls/0xbebbfe5b549f5db6e6c78ca97cac19d1fb03082c/0xbebbfe5b549f5db6e6c78ca97cac19d1fb03082c.diff,https://github.com/ASSERT-KTH/sb-heists/tree/main/smartbugs-curated/0.4.x/test/unchecked_low_level_calls/0xbebbfe5b549f5db6e6c78ca97cac19d1fb03082c_test.js
688,0xd5967fed03e85d1cce44cab284695b41bc675b5c_2round.sol,0xd5967fed03e85d1cce44cab284695b41bc675b5c.sol,unchecked_low_level_calls,SolGPT,True,True,1.0,1.0,True,passed,yes,https://github.com/ASSERT-KTH/RepairComp/blob/main/results/smartbugs/SolGPT/unchecked_low_level_calls/0xd5967fed03e85d1cce44cab284695b41bc675b5c/0xd5967fed03e85d1cce44cab284695b41bc675b5c_2round.sol,https://github.com/smartbugs/smartbugs-curated/tree/main/dataset/unchecked_low_level_calls/0xd5967fed03e85d1cce44cab284695b41bc675b5c.sol,https://github.com/ASSERT-KTH/RepairComp/blob/main/results/smartbugs/SolGPT/unchecked_low_level_calls/0xd5967fed03e85d1cce44cab284695b41bc675b5c/0xd5967fed03e85d1cce44cab284695b41bc675b5c_2round.diff,https://github.com/ASSERT-KTH/sb-heists/tree/main/smartbugs-curated/0.4.x/test/unchecked_low_level_calls/0xd5967fed03e85d1cce44cab284695b41bc675b5c_test.js
689,0xd5967fed03e85d1cce44cab284695b41bc675b5c_4round.sol,0xd5967fed03e85d1cce44cab284695b41bc675b5c.sol,unchecked_low_level_calls,SolGPT,True,True,1.0,1.0,True,passed,yes,https://github.com/ASSERT-KTH/RepairComp/blob/main/results/smartbugs/SolGPT/unchecked_low_level_calls/0xd5967fed03e85d1cce44cab284695b41bc675b5c/0xd5967fed03e85d1cce44cab284695b41bc675b5c_4round.sol,https://github.com/smartbugs/smartbugs-curated/tree/main/dataset/unchecked_low_level_calls/0xd5967fed03e85d1cce44cab284695b41bc675b5c.sol,https://github.com/ASSERT-KTH/RepairComp/blob/main/results/smartbugs/SolGPT/unchecked_low_level_calls/0xd5967fed03e85d1cce44cab284695b41bc675b5c/0xd5967fed03e85d1cce44cab284695b41bc675b5c_4round.diff,https://github.com/ASSERT-KTH/sb-heists/tree/main/smartbugs-curated/0.4.x/test/unchecked_low_level_calls/0xd5967fed03e85d1cce44cab284695b41bc675b5c_test.js
690,0xd5967fed03e85d1cce44cab284695b41bc675b5c_3round.sol,0xd5967fed03e85d1cce44cab284695b41bc675b5c.sol,unchecked_low_level_calls,SolGPT,True,True,1.0,1.0,True,passed,yes,https://github.com/ASSERT-KTH/RepairComp/blob/main/results/smartbugs/SolGPT/unchecked_low_level_calls/0xd5967fed03e85d1cce44cab284695b41bc675b5c/0xd5967fed03e85d1cce44cab284695b41bc675b5c_3round.sol,https://github.com/smartbugs/smartbugs-curated/tree/main/dataset/unchecked_low_level_calls/0xd5967fed03e85d1cce44cab284695b41bc675b5c.sol,https://github.com/ASSERT-KTH/RepairComp/blob/main/results/smartbugs/SolGPT/unchecked_low_level_calls/0xd5967fed03e85d1cce44cab284695b41bc675b5c/0xd5967fed03e85d1cce44cab284695b41bc675b5c_3round.diff,https://github.com/ASSERT-KTH/sb-heists/tree/main/smartbugs-curated/0.4.x/test/unchecked_low_level_calls/0xd5967fed03e85d1cce44cab284695b41bc675b5c_test.js
691,0xd5967fed03e85d1cce44cab284695b41bc675b5c_1round.sol,0xd5967fed03e85d1cce44cab284695b41bc675b5c.sol,unchecked_low_level_calls,SolGPT,True,True,1.0,1.0,True,passed,yes,https://github.com/ASSERT-KTH/RepairComp/blob/main/results/smartbugs/SolGPT/unchecked_low_level_calls/0xd5967fed03e85d1cce44cab284695b41bc675b5c/0xd5967fed03e85d1cce44cab284695b41bc675b5c_1round.sol,https://github.com/smartbugs/smartbugs-curated/tree/main/dataset/unchecked_low_level_calls/0xd5967fed03e85d1cce44cab284695b41bc675b5c.sol,https://github.com/ASSERT-KTH/RepairComp/blob/main/results/smartbugs/SolGPT/unchecked_low_level_calls/0xd5967fed03e85d1cce44cab284695b41bc675b5c/0xd5967fed03e85d1cce44cab284695b41bc675b5c_1round.diff,https://github.com/ASSERT-KTH/sb-heists/tree/main/smartbugs-curated/0.4.x/test/unchecked_low_level_calls/0xd5967fed03e85d1cce44cab284695b41bc675b5c_test.js
1173,0xd5967fed03e85d1cce44cab284695b41bc675b5cU1.sol,0xd5967fed03e85d1cce44cab284695b41bc675b5c.sol,unchecked_low_level_calls,TIPS,True,True,1.0,1.0,True,passed,yes,https://github.com/ASSERT-KTH/RepairComp/blob/main/results/smartbugs/TIPS/unchecked_low_level_calls/0xd5967fed03e85d1cce44cab284695b41bc675b5c/0xd5967fed03e85d1cce44cab284695b41bc675b5cU1.sol,https://github.com/smartbugs/smartbugs-curated/tree/main/dataset/unchecked_low_level_calls/0xd5967fed03e85d1cce44cab284695b41bc675b5c.sol,https://github.com/ASSERT-KTH/RepairComp/blob/main/results/smartbugs/TIPS/unchecked_low_level_calls/0xd5967fed03e85d1cce44cab284695b41bc675b5c/0xd5967fed03e85d1cce44cab284695b41bc675b5cU1.diff,https://github.com/ASSERT-KTH/sb-heists/tree/main/smartbugs-curated/0.4.x/test/unchecked_low_level_calls/0xd5967fed03e85d1cce44cab284695b41bc675b5c_test.js
539,0xe894d54dca59cb53fe9cbc5155093605c7068220_1round.sol,0xe894d54dca59cb53fe9cbc5155093605c7068220.sol,unchecked_low_level_calls,SolGPT,True,True,1.0,1.0,True,passed,yes,https://github.com/ASSERT-KTH/RepairComp/blob/main/results/smartbugs/SolGPT/unchecked_low_level_calls/0xe894d54dca59cb53fe9cbc5155093605c7068220/0xe894d54dca59cb53fe9cbc5155093605c7068220_1round.sol,https://github.com/smartbugs/smartbugs-curated/tree/main/dataset/unchecked_low_level_calls/0xe894d54dca59cb53fe9cbc5155093605c7068220.sol,https://github.com/ASSERT-KTH/RepairComp/blob/main/results/smartbugs/SolGPT/unchecked_low_level_calls/0xe894d54dca59cb53fe9cbc5155093605c7068220/0xe894d54dca59cb53fe9cbc5155093605c7068220_1round.diff,https://github.com/ASSERT-KTH/sb-heists/tree/main/smartbugs-curated/0.4.x/test/unchecked_low_level_calls/0xe894d54dca59cb53fe9cbc5155093605c7068220_test.js
538,0xe894d54dca59cb53fe9cbc5155093605c7068220_4round.sol,0xe894d54dca59cb53fe9cbc5155093605c7068220.sol,unchecked_low_level_calls,SolGPT,True,True,1.0,1.0,True,passed,yes,https://github.com/ASSERT-KTH/RepairComp/blob/main/results/smartbugs/SolGPT/unchecked_low_level_calls/0xe894d54dca59cb53fe9cbc5155093605c7068220/0xe894d54dca59cb53fe9cbc5155093605c7068220_4round.sol,https://github.com/smartbugs/smartbugs-curated/tree/main/dataset/unchecked_low_level_calls/0xe894d54dca59cb53fe9cbc5155093605c7068220.sol,https://github.com/ASSERT-KTH/RepairComp/blob/main/results/smartbugs/SolGPT/unchecked_low_level_calls/0xe894d54dca59cb53fe9cbc5155093605c7068220/0xe894d54dca59cb53fe9cbc5155093605c7068220_4round.diff,https://github.com/ASSERT-KTH/sb-heists/tree/main/smartbugs-curated/0.4.x/test/unchecked_low_level_calls/0xe894d54dca59cb53fe9cbc5155093605c7068220_test.js
537,0xe894d54dca59cb53fe9cbc5155093605c7068220_3round.sol,0xe894d54dca59cb53fe9cbc5155093605c7068220.sol,unchecked_low_level_calls,SolGPT,True,True,1.0,1.0,True,passed,yes,https://github.com/ASSERT-KTH/RepairComp/blob/main/results/smartbugs/SolGPT/unchecked_low_level_calls/0xe894d54dca59cb53fe9cbc5155093605c7068220/0xe894d54dca59cb53fe9cbc5155093605c7068220_3round.sol,https://github.com/smartbugs/smartbugs-curated/tree/main/dataset/unchecked_low_level_calls/0xe894d54dca59cb53fe9cbc5155093605c7068220.sol,https://github.com/ASSERT-KTH/RepairComp/blob/main/results/smartbugs/SolGPT/unchecked_low_level_calls/0xe894d54dca59cb53fe9cbc5155093605c7068220/0xe894d54dca59cb53fe9cbc5155093605c7068220_3round.diff,https://github.com/ASSERT-KTH/sb-heists/tree/main/smartbugs-curated/0.4.x/test/unchecked_low_level_calls/0xe894d54dca59cb53fe9cbc5155093605c7068220_test.js
536,0xe894d54dca59cb53fe9cbc5155093605c7068220_2round.sol,0xe894d54dca59cb53fe9cbc5155093605c7068220.sol,unchecked_low_level_calls,SolGPT,True,True,1.0,1.0,True,passed,yes,https://github.com/ASSERT-KTH/RepairComp/blob/main/results/smartbugs/SolGPT/unchecked_low_level_calls/0xe894d54dca59cb53fe9cbc5155093605c7068220/0xe894d54dca59cb53fe9cbc5155093605c7068220_2round.sol,https://github.com/smartbugs/smartbugs-curated/tree/main/dataset/unchecked_low_level_calls/0xe894d54dca59cb53fe9cbc5155093605c7068220.sol,https://github.com/ASSERT-KTH/RepairComp/blob/main/results/smartbugs/SolGPT/unchecked_low_level_calls/0xe894d54dca59cb53fe9cbc5155093605c7068220/0xe894d54dca59cb53fe9cbc5155093605c7068220_2round.diff,https://github.com/ASSERT-KTH/sb-heists/tree/main/smartbugs-curated/0.4.x/test/unchecked_low_level_calls/0xe894d54dca59cb53fe9cbc5155093605c7068220_test.js
1086,0xe894d54dca59cb53fe9cbc5155093605c7068220U1.sol,0xe894d54dca59cb53fe9cbc5155093605c7068220.sol,unchecked_low_level_calls,TIPS,True,True,1.0,1.0,True,passed,yes,https://github.com/ASSERT-KTH/RepairComp/blob/main/results/smartbugs/TIPS/unchecked_low_level_calls/0xe894d54dca59cb53fe9cbc5155093605c7068220/0xe894d54dca59cb53fe9cbc5155093605c7068220U1.sol,https://github.com/smartbugs/smartbugs-curated/tree/main/dataset/unchecked_low_level_calls/0xe894d54dca59cb53fe9cbc5155093605c7068220.sol,https://github.com/ASSERT-KTH/RepairComp/blob/main/results/smartbugs/TIPS/unchecked_low_level_calls/0xe894d54dca59cb53fe9cbc5155093605c7068220/0xe894d54dca59cb53fe9cbc5155093605c7068220U1.diff,https://github.com/ASSERT-KTH/sb-heists/tree/main/smartbugs-curated/0.4.x/test/unchecked_low_level_calls/0xe894d54dca59cb53fe9cbc5155093605c7068220_test.js
